id_avis,date,source,produit,texte,sentiment,note,langue,type_texte,est_vide,contient_url,contient_mention,contient_hashtag,contient_emoji,beaucoup_ponctuation,est_majuscules,repetition_caracteres,longueur,contient_chiffre,contient_caractere_special,contient_ponctuation_repetee,texte_clean,tokens,nombre_tokens,texte_final
AV0001,2026-02-27,mobile,Ordinateur NovaBook,"Très  bonne  expérience,  simple  et  efficace.",positif,4,fr,texte normal,False,False,False,False,False,False,False,False,47,False,True,False,"Très bonne expérience, simple et efficace.","['Très', 'bonne', 'expérience', ',', 'simple', 'et', 'efficace', '.']",8,"très bonne expérience, simple et efficace."
AV0002,2026-01-09,web,SmartPhone X,Très satisfait de mon achat 👍 #avis,positif,4,fr,texte normal,False,False,False,True,True,False,False,False,35,False,True,False,Très satisfait de mon achat 👍 avis,"['Très', 'satisfait', 'de', 'mon', 'achat', '👍', 'avis']",7,très satisfait de mon achat 👍 avis
AV0003,2026-07-03,réseaux_sociaux,Écouteurs AirSound,"Produit  parfait,  rien  à  signaler.",positif,4,fr,texte normal,False,False,False,False,False,False,False,False,37,False,True,False,"Produit parfait, rien à signaler.","['Produit', 'parfait', ',', 'rien', 'à', 'signaler', '.']",7,"produit parfait, rien à signaler."
AV0004,2026-06-28,sav,SmartWatch Pro,"Produit excellent, je suis très satisfait. !!!",positif,5,fr,texte normal,False,False,False,False,False,False,False,True,46,False,True,True,"Produit excellent, je suis très satisfait. !!","['Produit', 'excellent', ',', 'je', 'suis', 'très', 'satisfait', '.', '!', '!']",10,"produit excellent, je suis très satisfait. !!"
AV0005,2026-01-24,sav,SmartPhone X,LA BATTERIE TIENT VRAIMENT BIEN ET L'ÉCRAN EST SUPERBE.,positif,5,fr,texte normal,False,False,False,False,False,False,True,False,55,False,True,False,LA BATTERIE TIENT VRAIMENT BIEN ET L'ÉCRAN EST SUPERBE.,"['LA', 'BATTERIE', 'TIENT', 'VRAIMENT', 'BIEN', 'ET', ""L'ÉCRAN"", 'EST', 'SUPERBE', '.']",10,la batterie tient vraiment bien et l'écran est superbe.
AV0006,2026-07-26,web,Ordinateur NovaBook,Très satisfait de mon achat 👍 😊,positif,5,fr,texte normal,False,False,False,False,True,False,False,False,31,False,True,False,Très satisfait de mon achat 👍 😊,"['Très', 'satisfait', 'de', 'mon', 'achat', '👍', '😊']",7,très satisfait de mon achat 👍 😊
AV0007,2026-05-22,email,Ordinateur NovaBook,SERVICE CLIENT RÉACTIF ET COMMANDE REÇUE RAPIDEMENT.,positif,4,fr,texte normal,False,False,False,False,False,False,True,False,52,False,True,False,SERVICE CLIENT RÉACTIF ET COMMANDE REÇUE RAPIDEMENT.,"['SERVICE', 'CLIENT', 'RÉACTIF', 'ET', 'COMMANDE', 'REÇUE', 'RAPIDEMENT', '.']",8,service client réactif et commande reçue rapidement.
AV0008,2026-06-30,web,SmartPhone X,Très  satisfait  de  mon  achat  👍,positif,5,fr,texte normal,False,False,False,False,True,False,False,False,34,False,True,False,Très satisfait de mon achat 👍,"['Très', 'satisfait', 'de', 'mon', 'achat', '👍']",6,très satisfait de mon achat 👍
AV0009,2026-08-10,web,Écouteurs AirSound,Le  produit  correspond  globalement  à  la  description.,neutre,3,fr,texte normal,False,False,False,False,False,False,False,False,57,False,True,False,Le produit correspond globalement à la description.,"['Le', 'produit', 'correspond', 'globalement', 'à', 'la', 'description', '.']",8,le produit correspond globalement à la description.
AV0010,2026-04-01,mobile,Ordinateur NovaBook,@client Livraison rapide et produit conforme à mes attentes.,positif,5,fr,texte normal,False,False,True,False,False,False,False,False,60,False,True,False,Livraison rapide et produit conforme à mes attentes.,"['Livraison', 'rapide', 'et', 'produit', 'conforme', 'à', 'mes', 'attentes', '.']",9,livraison rapide et produit conforme à mes attentes.
AV0011,2026-05-17,mobile,SmartPhone Y,Très satisfait de mon achat 👍 !!!,positif,4,fr,texte normal,False,False,False,False,True,False,False,True,33,False,True,True,Très satisfait de mon achat 👍 !!,"['Très', 'satisfait', 'de', 'mon', 'achat', '👍', '!', '!']",8,très satisfait de mon achat 👍 !!
AV0013,2026-03-10,web,SmartPhone Y,La batterie tient vraiment bien et l'écran est superbe. #avis,positif,4,fr,texte normal,False,False,False,True,False,False,False,False,61,False,True,False,La batterie tient vraiment bien et l'écran est superbe. avis,"['La', 'batterie', 'tient', 'vraiment', 'bien', 'et', ""l'écran"", 'est', 'superbe', '.', 'avis']",11,la batterie tient vraiment bien et l'écran est superbe. avis
AV0014,2026-06-17,sav,Écouteurs AirSound,"Mauvaise  expérience,  je  ne  recommande  pas.",negatif,2,fr,texte normal,False,False,False,False,False,False,False,False,47,False,True,False,"Mauvaise expérience, je ne recommande pas.","['Mauvaise', 'expérience', ',', 'je', 'ne', 'recommande', 'pas', '.']",8,"mauvaise expérience, je ne recommande pas."
AV0015,2026-03-09,mobile,SmartPhone Y,Qualité décevante pour ce prix. !!!,negatif,2,fr,texte normal,False,False,False,False,False,False,False,True,35,False,True,True,Qualité décevante pour ce prix. !!,"['Qualité', 'décevante', 'pour', 'ce', 'prix', '.', '!', '!']",8,qualité décevante pour ce prix. !!
AV0016,2026-08-18,réseaux_sociaux,Écouteurs AirSound,Produit correct pour son prix. #avis,neutre,4,fr,texte normal,False,False,False,True,False,False,False,False,36,False,True,False,Produit correct pour son prix. avis,"['Produit', 'correct', 'pour', 'son', 'prix', '.', 'avis']",7,produit correct pour son prix. avis
AV0017,2026-01-24,web,SmartPhone X,"Produit parfait, rien à signaler. https://example.com/commande/17",positif,5,fr,texte normal,False,True,False,False,False,False,False,False,65,True,True,False,"Produit parfait, rien à signaler.","['Produit', 'parfait', ',', 'rien', 'à', 'signaler', '.']",7,"produit parfait, rien à signaler."
AV0019,2026-08-09,web,Ordinateur NovaBook,Le produit ne fonctionne déjà plus.,negatif,2,fr,texte normal,False,False,False,False,False,False,False,False,35,False,True,False,Le produit ne fonctionne déjà plus.,"['Le', 'produit', 'ne', 'fonctionne', 'déjà', 'plus', '.']",7,le produit ne fonctionne déjà plus.
AV0020,2026-07-16,email,SmartPhone X,"Je viens de recevoir le produit, à voir dans le temps. 😊",neutre,4,fr,texte normal,False,False,False,False,True,False,False,False,56,False,True,False,"Je viens de recevoir le produit, à voir dans le temps. 😊","['Je', 'viens', 'de', 'recevoir', 'le', 'produit', ',', 'à', 'voir', 'dans', 'le', 'temps', '.', '😊']",14,"je viens de recevoir le produit, à voir dans le temps. 😊"
AV0021,2026-07-04,email,Tablette TabPlus,Excellent rapport qualité-prix.,positif,5,fr,texte normal,False,False,False,False,False,False,False,False,31,False,True,False,Excellent rapport qualité-prix.,"['Excellent', 'rapport', 'qualité-prix', '.']",4,excellent rapport qualité-prix.
AV0022,2026-08-04,réseaux_sociaux,Tablette TabPlus,Le produit correspond globalement à la description. 😊,neutre,4,fr,texte normal,False,False,False,False,True,False,False,False,53,False,True,False,Le produit correspond globalement à la description. 😊,"['Le', 'produit', 'correspond', 'globalement', 'à', 'la', 'description', '.', '😊']",9,le produit correspond globalement à la description. 😊
AV0023,2026-07-19,réseaux_sociaux,SmartPhone X,Livraison rapide et produit conforme à mes attentes.,positif,5,fr,texte normal,False,False,False,False,False,False,False,False,52,False,True,False,Livraison rapide et produit conforme à mes attentes.,"['Livraison', 'rapide', 'et', 'produit', 'conforme', 'à', 'mes', 'attentes', '.']",9,livraison rapide et produit conforme à mes attentes.
AV0024,2026-08-26,email,SmartWatch Pro,"PRODUIT EXCELLENT, JE SUIS TRÈS SATISFAIT.",positif,5,fr,texte normal,False,False,False,False,False,False,True,False,42,False,True,False,"PRODUIT EXCELLENT, JE SUIS TRÈS SATISFAIT.","['PRODUIT', 'EXCELLENT', ',', 'JE', 'SUIS', 'TRÈS', 'SATISFAIT', '.']",8,"produit excellent, je suis très satisfait."
AV0025,2026-01-22,sav,SmartPhone X,TRÈS SATISFAIT DE MON ACHAT 👍,positif,5,fr,texte normal,False,False,False,False,True,False,True,False,29,False,True,False,TRÈS SATISFAIT DE MON ACHAT 👍,"['TRÈS', 'SATISFAIT', 'DE', 'MON', 'ACHAT', '👍']",6,très satisfait de mon achat 👍
AV0026,2026-06-18,sav,Tablette TabPlus,"Produit reçu endommagé, je suis mécontent. !!!",negatif,2,fr,texte normal,False,False,False,False,False,False,False,True,46,False,True,True,"Produit reçu endommagé, je suis mécontent. !!","['Produit', 'reçu', 'endommagé', ',', 'je', 'suis', 'mécontent', '.', '!', '!']",10,"produit reçu endommagé, je suis mécontent. !!"
AV0027,2026-07-13,mobile,Ordinateur NovaBook,"Je recommande vivement, tout fonctionne parfaitement.",positif,5,fr,texte normal,False,False,False,False,False,False,False,False,53,False,True,False,"Je recommande vivement, tout fonctionne parfaitement.","['Je', 'recommande', 'vivement', ',', 'tout', 'fonctionne', 'parfaitement', '.']",8,"je recommande vivement, tout fonctionne parfaitement."
AV0029,2026-02-28,réseaux_sociaux,SmartPhone Y,"Produit excellent, je suis trèèès satisfait.",positif,5,fr,texte normal,False,False,False,False,False,False,False,True,44,False,True,False,"Produit excellent, je suis trèèès satisfait.","['Produit', 'excellent', ',', 'je', 'suis', 'trèèès', 'satisfait', '.']",8,"produit excellent, je suis trèèès satisfait."
AV0030,2026-08-20,web,SmartWatch Pro,"JE RECOMMANDE VIVEMENT, TOUT FONCTIONNE PARFAITEMENT.",positif,4,fr,texte normal,False,False,False,False,False,False,True,False,53,False,True,False,"JE RECOMMANDE VIVEMENT, TOUT FONCTIONNE PARFAITEMENT.","['JE', 'RECOMMANDE', 'VIVEMENT', ',', 'TOUT', 'FONCTIONNE', 'PARFAITEMENT', '.']",8,"je recommande vivement, tout fonctionne parfaitement."
AV0031,2026-02-24,réseaux_sociaux,SmartPhone Y,"Très bonne expérience, simple et efficace. https://example.com/commande/31",positif,5,fr,texte normal,False,True,False,False,False,False,False,False,74,True,True,False,"Très bonne expérience, simple et efficace.","['Très', 'bonne', 'expérience', ',', 'simple', 'et', 'efficace', '.']",8,"très bonne expérience, simple et efficace."
AV0032,2026-03-04,sav,Écouteurs AirSound,"Je viens de recevoir le produit, à voir dans le temps. https://example.com/commande/32",neutre,4,fr,texte normal,False,True,False,False,False,False,False,False,86,True,True,False,"Je viens de recevoir le produit, à voir dans le temps.","['Je', 'viens', 'de', 'recevoir', 'le', 'produit', ',', 'à', 'voir', 'dans', 'le', 'temps', '.']",13,"je viens de recevoir le produit, à voir dans le temps."
AV0033,2026-04-19,sav,Écouteurs AirSound,@client Service client réactif et commande reçue rapidement.,positif,4,fr,texte normal,False,False,True,False,False,False,False,False,60,False,True,False,Service client réactif et commande reçue rapidement.,"['Service', 'client', 'réactif', 'et', 'commande', 'reçue', 'rapidement', '.']",8,service client réactif et commande reçue rapidement.
AV0034,2026-04-14,email,SmartPhone X,La batterie se décharge beaucoup trop vite.,negatif,1,fr,texte normal,False,False,False,False,False,False,False,False,43,False,True,False,La batterie se décharge beaucoup trop vite.,"['La', 'batterie', 'se', 'décharge', 'beaucoup', 'trop', 'vite', '.']",8,la batterie se décharge beaucoup trop vite.
AV0035,2026-02-05,sav,SmartPhone Y,"Produit parfait, rien à signaler. https://example.com/commande/35",positif,5,fr,texte normal,False,True,False,False,False,False,False,False,65,True,True,False,"Produit parfait, rien à signaler.","['Produit', 'parfait', ',', 'rien', 'à', 'signaler', '.']",7,"produit parfait, rien à signaler."
AV0036,2026-07-26,réseaux_sociaux,SmartPhone X,"Très bon produit, la qualité est au rendez-vous. https://example.com/commande/36",positif,5,fr,texte normal,False,True,False,False,False,False,False,False,80,True,True,False,"Très bon produit, la qualité est au rendez-vous.","['Très', 'bon', 'produit', ',', 'la', 'qualité', 'est', 'au', 'rendez-vous', '.']",10,"très bon produit, la qualité est au rendez-vous."
AV0037,2026-02-12,sav,Écouteurs AirSound,"Très  bon  produit,  la  qualité  est  au  rendez-vous.",positif,4,fr,texte normal,False,False,False,False,False,False,False,False,55,False,True,False,"Très bon produit, la qualité est au rendez-vous.","['Très', 'bon', 'produit', ',', 'la', 'qualité', 'est', 'au', 'rendez-vous', '.']",10,"très bon produit, la qualité est au rendez-vous."
AV0039,2026-06-28,réseaux_sociaux,Ordinateur NovaBook,"Très bonne expérience, simple et efficace. #avis",positif,5,fr,texte normal,False,False,False,True,False,False,False,False,48,False,True,False,"Très bonne expérience, simple et efficace. avis","['Très', 'bonne', 'expérience', ',', 'simple', 'et', 'efficace', '.', 'avis']",9,"très bonne expérience, simple et efficace. avis"
AV0040,2026-02-25,web,Tablette TabPlus,La livraison s'est déroulée normalement. 😊,neutre,3,fr,texte normal,False,False,False,False,True,False,False,False,42,False,True,False,La livraison s'est déroulée normalement. 😊,"['La', 'livraison', ""s'est"", 'déroulée', 'normalement', '.', '😊']",7,la livraison s'est déroulée normalement. 😊
AV0041,2026-01-15,web,Tablette TabPlus,@client La qualité est correcte sans être exceptionnelle.,neutre,3,fr,texte normal,False,False,True,False,False,False,False,False,57,False,True,False,La qualité est correcte sans être exceptionnelle.,"['La', 'qualité', 'est', 'correcte', 'sans', 'être', 'exceptionnelle', '.']",8,la qualité est correcte sans être exceptionnelle.
AV0045,2026-03-03,email,Écouteurs AirSound,"@client Je recommande vivement, tout fonctionne parfaitement.",positif,5,fr,texte normal,False,False,True,False,False,False,False,False,61,False,True,False,"Je recommande vivement, tout fonctionne parfaitement.","['Je', 'recommande', 'vivement', ',', 'tout', 'fonctionne', 'parfaitement', '.']",8,"je recommande vivement, tout fonctionne parfaitement."
AV0046,2026-08-26,web,SmartPhone X,@client Excellent rapport qualité-prix.,positif,5,fr,texte normal,False,False,True,False,False,False,False,False,39,False,True,False,Excellent rapport qualité-prix.,"['Excellent', 'rapport', 'qualité-prix', '.']",4,excellent rapport qualité-prix.
AV0049,2026-01-03,réseaux_sociaux,SmartWatch Pro,Très satisfait de mon achat 👍,positif,5,fr,texte normal,False,False,False,False,True,False,False,False,29,False,True,False,Très satisfait de mon achat 👍,"['Très', 'satisfait', 'de', 'mon', 'achat', '👍']",6,très satisfait de mon achat 👍
AV0050,2026-01-30,web,Ordinateur NovaBook,"Produit reçu endommagé, je suis mécontent. 😊",negatif,1,fr,texte normal,False,False,False,False,True,False,False,False,44,False,True,False,"Produit reçu endommagé, je suis mécontent. 😊","['Produit', 'reçu', 'endommagé', ',', 'je', 'suis', 'mécontent', '.', '😊']",9,"produit reçu endommagé, je suis mécontent. 😊"
AV0052,2026-03-06,web,SmartPhone X,"Je viens de recevoir le produit, à voir dans le temps. https://example.com/commande/52",neutre,3,fr,texte normal,False,True,False,False,False,False,False,False,86,True,True,False,"Je viens de recevoir le produit, à voir dans le temps.","['Je', 'viens', 'de', 'recevoir', 'le', 'produit', ',', 'à', 'voir', 'dans', 'le', 'temps', '.']",13,"je viens de recevoir le produit, à voir dans le temps."
AV0053,2026-03-27,mobile,Ordinateur NovaBook,"Produit excellent, je suis très satisfait.",positif,5,fr,texte normal,False,False,False,False,False,False,False,False,42,False,True,False,"Produit excellent, je suis très satisfait.","['Produit', 'excellent', ',', 'je', 'suis', 'très', 'satisfait', '.']",8,"produit excellent, je suis très satisfait."
AV0054,2026-06-30,sav,Tablette TabPlus,Qualité décevante pour ce prix.,negatif,1,fr,texte normal,False,False,False,False,False,False,False,False,31,False,True,False,Qualité décevante pour ce prix.,"['Qualité', 'décevante', 'pour', 'ce', 'prix', '.']",6,qualité décevante pour ce prix.
AV0057,2026-04-01,réseaux_sociaux,Écouteurs AirSound,LA LIVRAISON A ÉTÉ TRÈS LONGUE.,negatif,1,fr,texte normal,False,False,False,False,False,False,True,False,31,False,True,False,LA LIVRAISON A ÉTÉ TRÈS LONGUE.,"['LA', 'LIVRAISON', 'A', 'ÉTÉ', 'TRÈS', 'LONGUE', '.']",7,la livraison a été très longue.
AV0058,2026-08-10,mobile,SmartPhone Y,"Produit  reçu  endommagé,  je  suis  mécontent.",negatif,2,fr,texte normal,False,False,False,False,False,False,False,False,47,False,True,False,"Produit reçu endommagé, je suis mécontent.","['Produit', 'reçu', 'endommagé', ',', 'je', 'suis', 'mécontent', '.']",8,"produit reçu endommagé, je suis mécontent."
AV0059,2026-07-20,sav,Ordinateur NovaBook,"@client Produit reçu endommagé, je suis mécontent.",negatif,1,fr,texte normal,False,False,True,False,False,False,False,False,50,False,True,False,"Produit reçu endommagé, je suis mécontent.","['Produit', 'reçu', 'endommagé', ',', 'je', 'suis', 'mécontent', '.']",8,"produit reçu endommagé, je suis mécontent."
AV0060,2026-07-21,web,Écouteurs AirSound,Le produit ne fonctionne déjà plus. !!!,negatif,1,fr,texte normal,False,False,False,False,False,False,False,True,39,False,True,True,Le produit ne fonctionne déjà plus. !!,"['Le', 'produit', 'ne', 'fonctionne', 'déjà', 'plus', '.', '!', '!']",9,le produit ne fonctionne déjà plus. !!
AV0061,2026-07-29,sav,SmartWatch Pro,La  livraison  a  été  très  longue.,negatif,2,fr,texte normal,False,False,False,False,False,False,False,False,36,False,True,False,La livraison a été très longue.,"['La', 'livraison', 'a', 'été', 'très', 'longue', '.']",7,la livraison a été très longue.
AV0063,2026-06-14,réseaux_sociaux,Écouteurs AirSound,"@client Très bonne expérience, simple et efficace.",positif,4,fr,texte normal,False,False,True,False,False,False,False,False,50,False,True,False,"Très bonne expérience, simple et efficace.","['Très', 'bonne', 'expérience', ',', 'simple', 'et', 'efficace', '.']",8,"très bonne expérience, simple et efficace."
AV0064,2026-01-30,email,SmartPhone Y,Produit correct pour son prix.,neutre,4,fr,texte normal,False,False,False,False,False,False,False,False,30,False,True,False,Produit correct pour son prix.,"['Produit', 'correct', 'pour', 'son', 'prix', '.']",6,produit correct pour son prix.
AV0066,2026-01-30,sav,Tablette TabPlus,L'utilisation est assez simple.,neutre,3,fr,texte normal,False,False,False,False,False,False,False,False,31,False,True,False,L'utilisation est assez simple.,"[""L'utilisation"", 'est', 'assez', 'simple', '.']",5,l'utilisation est assez simple.
AV0067,2026-05-14,réseaux_sociaux,Ordinateur NovaBook,Service client réactif et commande reçue rapidement.,positif,4,fr,texte normal,False,False,False,False,False,False,False,False,52,False,True,False,Service client réactif et commande reçue rapidement.,"['Service', 'client', 'réactif', 'et', 'commande', 'reçue', 'rapidement', '.']",8,service client réactif et commande reçue rapidement.
AV0068,2026-04-04,sav,SmartPhone X,La  qualité  est  correcte  sans  être  exceptionnelle.,neutre,4,fr,texte normal,False,False,False,False,False,False,False,False,55,False,True,False,La qualité est correcte sans être exceptionnelle.,"['La', 'qualité', 'est', 'correcte', 'sans', 'être', 'exceptionnelle', '.']",8,la qualité est correcte sans être exceptionnelle.
AV0069,2026-07-04,email,Tablette TabPlus,"MAUVAISE EXPÉRIENCE, JE NE RECOMMANDE PAS.",negatif,2,fr,texte normal,False,False,False,False,False,False,True,False,42,False,True,False,"MAUVAISE EXPÉRIENCE, JE NE RECOMMANDE PAS.","['MAUVAISE', 'EXPÉRIENCE', ',', 'JE', 'NE', 'RECOMMANDE', 'PAS', '.']",8,"mauvaise expérience, je ne recommande pas."
AV0071,2026-06-07,réseaux_sociaux,SmartWatch Pro,Service client réactif et commande reçue rapidement. !!!,positif,5,fr,texte normal,False,False,False,False,False,False,False,True,56,False,True,True,Service client réactif et commande reçue rapidement. !!,"['Service', 'client', 'réactif', 'et', 'commande', 'reçue', 'rapidement', '.', '!', '!']",10,service client réactif et commande reçue rapidement. !!
AV0072,2026-02-23,sav,Tablette TabPlus,"Très bonne expérience, simple et efficace. 😊",positif,4,fr,texte normal,False,False,False,False,True,False,False,False,44,False,True,False,"Très bonne expérience, simple et efficace. 😊","['Très', 'bonne', 'expérience', ',', 'simple', 'et', 'efficace', '.', '😊']",9,"très bonne expérience, simple et efficace. 😊"
AV0073,2026-04-24,mobile,Tablette TabPlus,Excellent rapport qualité-prix. https://example.com/commande/73,positif,5,fr,texte normal,False,True,False,False,False,False,False,False,63,True,True,False,Excellent rapport qualité-prix.,"['Excellent', 'rapport', 'qualité-prix', '.']",4,excellent rapport qualité-prix.
AV0074,2026-05-12,réseaux_sociaux,SmartWatch Pro,"Très bon produit, la qualité est au rendez-vous. 😊",positif,5,fr,texte normal,False,False,False,False,True,False,False,False,50,False,True,False,"Très bon produit, la qualité est au rendez-vous. 😊","['Très', 'bon', 'produit', ',', 'la', 'qualité', 'est', 'au', 'rendez-vous', '.', '😊']",11,"très bon produit, la qualité est au rendez-vous. 😊"
AV0076,2026-04-27,sav,Ordinateur NovaBook,EXCELLENT RAPPORT QUALITÉ-PRIX.,positif,5,fr,texte normal,False,False,False,False,False,False,True,False,31,False,True,False,EXCELLENT RAPPORT QUALITÉ-PRIX.,"['EXCELLENT', 'RAPPORT', 'QUALITÉ-PRIX', '.']",4,excellent rapport qualité-prix.
AV0077,2026-03-04,mobile,Ordinateur NovaBook,Excellent rapport qualité-prix. #avis,positif,5,fr,texte normal,False,False,False,True,False,False,False,False,37,False,True,False,Excellent rapport qualité-prix. avis,"['Excellent', 'rapport', 'qualité-prix', '.', 'avis']",5,excellent rapport qualité-prix. avis
AV0078,2026-02-15,réseaux_sociaux,Écouteurs AirSound,L'utilisation  est  assez  simple.,neutre,3,fr,texte normal,False,False,False,False,False,False,False,False,34,False,True,False,L'utilisation est assez simple.,"[""L'utilisation"", 'est', 'assez', 'simple', '.']",5,l'utilisation est assez simple.
AV0079,2026-02-04,sav,Ordinateur NovaBook,"Très bon produit, la qualité est au rendez-vous. https://example.com/commande/79",positif,5,fr,texte normal,False,True,False,False,False,False,False,False,80,True,True,False,"Très bon produit, la qualité est au rendez-vous.","['Très', 'bon', 'produit', ',', 'la', 'qualité', 'est', 'au', 'rendez-vous', '.']",10,"très bon produit, la qualité est au rendez-vous."
AV0081,2026-03-08,mobile,Ordinateur NovaBook,Qualité décevante pour ce prix. https://example.com/commande/81,negatif,2,fr,texte normal,False,True,False,False,False,False,False,False,63,True,True,False,Qualité décevante pour ce prix.,"['Qualité', 'décevante', 'pour', 'ce', 'prix', '.']",6,qualité décevante pour ce prix.
AV0082,2026-04-23,web,Ordinateur NovaBook,"Je recommande vivement, tout fonctionne parfaitement. 😊",positif,5,fr,texte normal,False,False,False,False,True,False,False,False,55,False,True,False,"Je recommande vivement, tout fonctionne parfaitement. 😊","['Je', 'recommande', 'vivement', ',', 'tout', 'fonctionne', 'parfaitement', '.', '😊']",9,"je recommande vivement, tout fonctionne parfaitement. 😊"
AV0083,2026-08-17,réseaux_sociaux,SmartPhone X,@client La batterie tient vraiment bien et l'écran est superbe.,positif,5,fr,texte normal,False,False,True,False,False,False,False,False,63,False,True,False,La batterie tient vraiment bien et l'écran est superbe.,"['La', 'batterie', 'tient', 'vraiment', 'bien', 'et', ""l'écran"", 'est', 'superbe', '.']",10,la batterie tient vraiment bien et l'écran est superbe.
AV0085,2026-04-17,web,SmartPhone Y,"Produit parfait, rien à signaler. https://example.com/commande/85",positif,5,fr,texte normal,False,True,False,False,False,False,False,False,65,True,True,False,"Produit parfait, rien à signaler.","['Produit', 'parfait', ',', 'rien', 'à', 'signaler', '.']",7,"produit parfait, rien à signaler."
AV0086,2026-08-08,réseaux_sociaux,Écouteurs AirSound,"Je viens de recevoir le produit, à voir dans le temps.",neutre,3,fr,texte normal,False,False,False,False,False,False,False,False,54,False,True,False,"Je viens de recevoir le produit, à voir dans le temps.","['Je', 'viens', 'de', 'recevoir', 'le', 'produit', ',', 'à', 'voir', 'dans', 'le', 'temps', '.']",13,"je viens de recevoir le produit, à voir dans le temps."
AV0088,2026-05-05,mobile,SmartWatch Pro,"Je  viens  de  recevoir  le  produit,  à  voir  dans  le  temps.",neutre,4,fr,texte normal,False,False,False,False,False,False,False,False,64,False,True,False,"Je viens de recevoir le produit, à voir dans le temps.","['Je', 'viens', 'de', 'recevoir', 'le', 'produit', ',', 'à', 'voir', 'dans', 'le', 'temps', '.']",13,"je viens de recevoir le produit, à voir dans le temps."
AV0091,2026-02-04,sav,SmartPhone Y,"Très bon produit, la qualité est au rendez-vous. #avis",positif,4,fr,texte normal,False,False,False,True,False,False,False,False,54,False,True,False,"Très bon produit, la qualité est au rendez-vous. avis","['Très', 'bon', 'produit', ',', 'la', 'qualité', 'est', 'au', 'rendez-vous', '.', 'avis']",11,"très bon produit, la qualité est au rendez-vous. avis"
AV0092,2026-04-27,email,SmartWatch Pro,La  batterie  tient  vraiment  bien  et  l'écran  est  superbe.,positif,5,fr,texte normal,False,False,False,False,False,False,False,False,63,False,True,False,La batterie tient vraiment bien et l'écran est superbe.,"['La', 'batterie', 'tient', 'vraiment', 'bien', 'et', ""l'écran"", 'est', 'superbe', '.']",10,la batterie tient vraiment bien et l'écran est superbe.
AV0095,2026-08-03,web,Tablette TabPlus,"Je  recommande  vivement,  tout  fonctionne  parfaitement.",positif,4,fr,texte normal,False,False,False,False,False,False,False,False,58,False,True,False,"Je recommande vivement, tout fonctionne parfaitement.","['Je', 'recommande', 'vivement', ',', 'tout', 'fonctionne', 'parfaitement', '.']",8,"je recommande vivement, tout fonctionne parfaitement."
AV0097,2026-07-19,mobile,SmartWatch Pro,LA LIVRAISON S'EST DÉROULÉE NORMALEMENT.,neutre,3,fr,texte normal,False,False,False,False,False,False,True,False,40,False,True,False,LA LIVRAISON S'EST DÉROULÉE NORMALEMENT.,"['LA', 'LIVRAISON', ""S'EST"", 'DÉROULÉE', 'NORMALEMENT', '.']",6,la livraison s'est déroulée normalement.
AV0100,2026-05-17,sav,Ordinateur NovaBook,@client Le produit correspond globalement à la description.,neutre,4,fr,texte normal,False,False,True,False,False,False,False,False,59,False,True,False,Le produit correspond globalement à la description.,"['Le', 'produit', 'correspond', 'globalement', 'à', 'la', 'description', '.']",8,le produit correspond globalement à la description.
AV0101,2026-07-30,sav,SmartPhone X,"Produit excellent, je suis très satisfait. #avis",positif,5,fr,texte normal,False,False,False,True,False,False,False,False,48,False,True,False,"Produit excellent, je suis très satisfait. avis","['Produit', 'excellent', ',', 'je', 'suis', 'très', 'satisfait', '.', 'avis']",9,"produit excellent, je suis très satisfait. avis"
AV0102,2026-04-22,mobile,Ordinateur NovaBook,Excellent rapport qualité-prix. !!!,positif,5,fr,texte normal,False,False,False,False,False,False,False,True,35,False,True,True,Excellent rapport qualité-prix. !!,"['Excellent', 'rapport', 'qualité-prix', '.', '!', '!']",6,excellent rapport qualité-prix. !!
AV0105,2026-03-28,web,Écouteurs AirSound,Qualité décevante pour ce prix. #avis,negatif,1,fr,texte normal,False,False,False,True,False,False,False,False,37,False,True,False,Qualité décevante pour ce prix. avis,"['Qualité', 'décevante', 'pour', 'ce', 'prix', '.', 'avis']",7,qualité décevante pour ce prix. avis
AV0106,2026-04-01,email,SmartWatch Pro,Qualité  décevante  pour  ce  prix.,negatif,1,fr,texte normal,False,False,False,False,False,False,False,False,35,False,True,False,Qualité décevante pour ce prix.,"['Qualité', 'décevante', 'pour', 'ce', 'prix', '.']",6,qualité décevante pour ce prix.
AV0107,2026-05-13,mobile,SmartPhone X,"Produit parfait, rien à signaler.",positif,5,fr,texte normal,False,False,False,False,False,False,False,False,33,False,True,False,"Produit parfait, rien à signaler.","['Produit', 'parfait', ',', 'rien', 'à', 'signaler', '.']",7,"produit parfait, rien à signaler."
AV0111,2026-03-11,email,SmartWatch Pro,La batterie tient vraiment bien et l'écran est superbe. https://example.com/commande/111,positif,5,fr,texte normal,False,True,False,False,False,False,False,True,88,True,True,False,La batterie tient vraiment bien et l'écran est superbe.,"['La', 'batterie', 'tient', 'vraiment', 'bien', 'et', ""l'écran"", 'est', 'superbe', '.']",10,la batterie tient vraiment bien et l'écran est superbe.
AV0113,2026-07-05,réseaux_sociaux,Tablette TabPlus,Excellent rapport qualité-prix. 😊,positif,5,fr,texte normal,False,False,False,False,True,False,False,False,33,False,True,False,Excellent rapport qualité-prix. 😊,"['Excellent', 'rapport', 'qualité-prix', '.', '😊']",5,excellent rapport qualité-prix. 😊
AV0115,2026-01-14,réseaux_sociaux,SmartWatch Pro,"Très bonne expérience, simple et efficace.",positif,5,fr,texte normal,False,False,False,False,False,False,False,False,42,False,True,False,"Très bonne expérience, simple et efficace.","['Très', 'bonne', 'expérience', ',', 'simple', 'et', 'efficace', '.']",8,"très bonne expérience, simple et efficace."
AV0116,2026-01-27,web,Tablette TabPlus,La qualité est correcte sans être exceptionnelle. https://example.com/commande/116,neutre,3,fr,texte normal,False,True,False,False,False,False,False,False,82,True,True,False,La qualité est correcte sans être exceptionnelle.,"['La', 'qualité', 'est', 'correcte', 'sans', 'être', 'exceptionnelle', '.']",8,la qualité est correcte sans être exceptionnelle.
AV0118,2026-04-13,sav,SmartPhone X,LA BATTERIE SE DÉCHARGE BEAUCOUP TROP VITE.,negatif,2,fr,texte normal,False,False,False,False,False,False,True,False,43,False,True,False,LA BATTERIE SE DÉCHARGE BEAUCOUP TROP VITE.,"['LA', 'BATTERIE', 'SE', 'DÉCHARGE', 'BEAUCOUP', 'TROP', 'VITE', '.']",8,la batterie se décharge beaucoup trop vite.
AV0119,2026-07-27,réseaux_sociaux,SmartWatch Pro,Livraison rapide et produit conforme à mes attentes. !!!,positif,4,fr,texte normal,False,False,False,False,False,False,False,True,56,False,True,True,Livraison rapide et produit conforme à mes attentes. !!,"['Livraison', 'rapide', 'et', 'produit', 'conforme', 'à', 'mes', 'attentes', '.', '!', '!']",11,livraison rapide et produit conforme à mes attentes. !!
AV0120,2026-07-15,sav,Tablette TabPlus,"Très bon produit, la qualité est au rendez-vous.",positif,5,fr,texte normal,False,False,False,False,False,False,False,False,48,False,True,False,"Très bon produit, la qualité est au rendez-vous.","['Très', 'bon', 'produit', ',', 'la', 'qualité', 'est', 'au', 'rendez-vous', '.']",10,"très bon produit, la qualité est au rendez-vous."
AV0121,2026-04-26,sav,SmartWatch Pro,"Produit parfait, rien à signaler. #avis",positif,5,fr,texte normal,False,False,False,True,False,False,False,False,39,False,True,False,"Produit parfait, rien à signaler. avis","['Produit', 'parfait', ',', 'rien', 'à', 'signaler', '.', 'avis']",8,"produit parfait, rien à signaler. avis"
AV0123,2026-03-03,mobile,Tablette TabPlus,"Très bon produit, la qualité est au rendez-vous. !!!",positif,5,fr,texte normal,False,False,False,False,False,False,False,True,52,False,True,True,"Très bon produit, la qualité est au rendez-vous. !!","['Très', 'bon', 'produit', ',', 'la', 'qualité', 'est', 'au', 'rendez-vous', '.', '!', '!']",12,"très bon produit, la qualité est au rendez-vous. !!"
AV0124,2026-06-26,réseaux_sociaux,Écouteurs AirSound,Service client réactif et commande reçue rapidement. https://example.com/commande/124,positif,4,fr,texte normal,False,True,False,False,False,False,False,False,85,True,True,False,Service client réactif et commande reçue rapidement.,"['Service', 'client', 'réactif', 'et', 'commande', 'reçue', 'rapidement', '.']",8,service client réactif et commande reçue rapidement.
AV0127,2026-01-19,web,SmartPhone Y,"Très bonne expérience, simple et efficace. !!!",positif,5,fr,texte normal,False,False,False,False,False,False,False,True,46,False,True,True,"Très bonne expérience, simple et efficace. !!","['Très', 'bonne', 'expérience', ',', 'simple', 'et', 'efficace', '.', '!', '!']",10,"très bonne expérience, simple et efficace. !!"
AV0128,2026-04-23,web,Écouteurs AirSound,La qualité est correcte sans être exceptionnelle. 😊,neutre,4,fr,texte normal,False,False,False,False,True,False,False,False,51,False,True,False,La qualité est correcte sans être exceptionnelle. 😊,"['La', 'qualité', 'est', 'correcte', 'sans', 'être', 'exceptionnelle', '.', '😊']",9,la qualité est correcte sans être exceptionnelle. 😊
AV0129,2026-05-09,réseaux_sociaux,Écouteurs AirSound,L'utilisation est assez simple. 😊,neutre,4,fr,texte normal,False,False,False,False,True,False,False,False,33,False,True,False,L'utilisation est assez simple. 😊,"[""L'utilisation"", 'est', 'assez', 'simple', '.', '😊']",6,l'utilisation est assez simple. 😊
AV0133,2026-04-15,email,SmartWatch Pro,@client L'utilisation est assez simple.,neutre,3,fr,texte normal,False,False,True,False,False,False,False,False,39,False,True,False,L'utilisation est assez simple.,"[""L'utilisation"", 'est', 'assez', 'simple', '.']",5,l'utilisation est assez simple.
AV0137,2026-02-18,réseaux_sociaux,SmartWatch Pro,Le service client n'a pas répondu à ma demande.,negatif,2,fr,texte normal,False,False,False,False,False,False,False,False,47,False,True,False,Le service client n'a pas répondu à ma demande.,"['Le', 'service', 'client', 'n', ""'"", 'a', 'pas', 'répondu', 'à', 'ma', 'demande', '.']",12,le service client n'a pas répondu à ma demande.
AV0139,2026-02-01,web,Ordinateur NovaBook,Excellent rapport qualité-prix. https://example.com/commande/139,positif,5,fr,texte normal,False,True,False,False,False,False,False,False,64,True,True,False,Excellent rapport qualité-prix.,"['Excellent', 'rapport', 'qualité-prix', '.']",4,excellent rapport qualité-prix.
AV0140,2026-05-22,web,Tablette TabPlus,Livraison rapide et produit conforme à mes attentes. 😊,positif,5,fr,texte normal,False,False,False,False,True,False,False,False,54,False,True,False,Livraison rapide et produit conforme à mes attentes. 😊,"['Livraison', 'rapide', 'et', 'produit', 'conforme', 'à', 'mes', 'attentes', '.', '😊']",10,livraison rapide et produit conforme à mes attentes. 😊
AV0141,2026-01-31,mobile,Écouteurs AirSound,"Très bon produit, la qualité est au rendez-vous. https://example.com/commande/141",positif,5,fr,texte normal,False,True,False,False,False,False,False,False,81,True,True,False,"Très bon produit, la qualité est au rendez-vous.","['Très', 'bon', 'produit', ',', 'la', 'qualité', 'est', 'au', 'rendez-vous', '.']",10,"très bon produit, la qualité est au rendez-vous."
AV0142,2026-08-02,sav,Écouteurs AirSound,Le produit ne fonctionne déjà plus. #avis,negatif,2,fr,texte normal,False,False,False,True,False,False,False,False,41,False,True,False,Le produit ne fonctionne déjà plus. avis,"['Le', 'produit', 'ne', 'fonctionne', 'déjà', 'plus', '.', 'avis']",8,le produit ne fonctionne déjà plus. avis
AV0143,2026-08-24,réseaux_sociaux,Tablette TabPlus,Service  client  réactif  et  commande  reçue  rapidement.,positif,5,fr,texte normal,False,False,False,False,False,False,False,False,58,False,True,False,Service client réactif et commande reçue rapidement.,"['Service', 'client', 'réactif', 'et', 'commande', 'reçue', 'rapidement', '.']",8,service client réactif et commande reçue rapidement.
AV0146,2026-05-18,sav,SmartWatch Pro,Livraison rapide et produit conforme à mes attentes. https://example.com/commande/146,positif,5,fr,texte normal,False,True,False,False,False,False,False,False,85,True,True,False,Livraison rapide et produit conforme à mes attentes.,"['Livraison', 'rapide', 'et', 'produit', 'conforme', 'à', 'mes', 'attentes', '.']",9,livraison rapide et produit conforme à mes attentes.
AV0148,2026-01-12,email,Ordinateur NovaBook,"Je recommande vivement, tout fonctionne parfaitement. #avis",positif,5,fr,texte normal,False,False,False,True,False,False,False,False,59,False,True,False,"Je recommande vivement, tout fonctionne parfaitement. avis","['Je', 'recommande', 'vivement', ',', 'tout', 'fonctionne', 'parfaitement', '.', 'avis']",9,"je recommande vivement, tout fonctionne parfaitement. avis"
AV0150,2026-01-26,réseaux_sociaux,Écouteurs AirSound,"Très bon produit, je recommande.",positif,5,fr,texte normal,False,False,False,False,False,False,False,False,32,False,True,False,"Très bon produit, je recommande.","['Très', 'bon', 'produit', ',', 'je', 'recommande', '.']",7,"très bon produit, je recommande."
AV0152,2026-08-07,réseaux_sociaux,Écouteurs AirSound,"@client Très bon produit, la qualité est au rendez-vous.",positif,5,fr,texte normal,False,False,True,False,False,False,False,False,56,False,True,False,"Très bon produit, la qualité est au rendez-vous.","['Très', 'bon', 'produit', ',', 'la', 'qualité', 'est', 'au', 'rendez-vous', '.']",10,"très bon produit, la qualité est au rendez-vous."
AV0155,2026-06-27,email,SmartPhone X,L'utilisation est assez simple. !!!,neutre,3,fr,texte normal,False,False,False,False,False,False,False,True,35,False,True,True,L'utilisation est assez simple. !!,"[""L'utilisation"", 'est', 'assez', 'simple', '.', '!', '!']",7,l'utilisation est assez simple. !!
AV0160,2026-04-24,email,Tablette TabPlus,"PRODUIT REÇU ENDOMMAGÉ, JE SUIS MÉCONTENT.",negatif,2,fr,texte normal,False,False,False,False,False,False,True,False,42,False,True,False,"PRODUIT REÇU ENDOMMAGÉ, JE SUIS MÉCONTENT.","['PRODUIT', 'REÇU', 'ENDOMMAGÉ', ',', 'JE', 'SUIS', 'MÉCONTENT', '.']",8,"produit reçu endommagé, je suis mécontent."
AV0161,2026-08-05,email,SmartPhone Y,"Très bonne expérience, simple et efficace. https://example.com/commande/161",positif,5,fr,texte normal,False,True,False,False,False,False,False,False,75,True,True,False,"Très bonne expérience, simple et efficace.","['Très', 'bonne', 'expérience', ',', 'simple', 'et', 'efficace', '.']",8,"très bonne expérience, simple et efficace."
AV0162,2026-04-08,réseaux_sociaux,SmartWatch Pro,La  batterie  se  décharge  beaucoup  trop  vite.,negatif,2,fr,texte normal,False,False,False,False,False,False,False,False,49,False,True,False,La batterie se décharge beaucoup trop vite.,"['La', 'batterie', 'se', 'décharge', 'beaucoup', 'trop', 'vite', '.']",8,la batterie se décharge beaucoup trop vite.
AV0164,2026-08-02,email,SmartPhone Y,Très déçu par ce produit. https://example.com/commande/164,negatif,2,fr,texte normal,False,True,False,False,False,False,False,False,58,True,True,False,Très déçu par ce produit.,"['Très', 'déçu', 'par', 'ce', 'produit', '.']",6,très déçu par ce produit.
AV0166,2026-06-10,web,Ordinateur NovaBook,La qualité est correcte sans être exceptionnelle. !!!,neutre,4,fr,texte normal,False,False,False,False,False,False,False,True,53,False,True,True,La qualité est correcte sans être exceptionnelle. !!,"['La', 'qualité', 'est', 'correcte', 'sans', 'être', 'exceptionnelle', '.', '!', '!']",10,la qualité est correcte sans être exceptionnelle. !!
AV0171,2026-08-05,réseaux_sociaux,SmartWatch Pro,La livraison a été très longue. #avis,negatif,1,fr,texte normal,False,False,False,True,False,False,False,False,37,False,True,False,La livraison a été très longue. avis,"['La', 'livraison', 'a', 'été', 'très', 'longue', '.', 'avis']",8,la livraison a été très longue. avis
AV0172,2026-05-18,web,Écouteurs AirSound,"Produit excellent, je suis très satisfait. 😊",positif,5,fr,texte normal,False,False,False,False,True,False,False,False,44,False,True,False,"Produit excellent, je suis très satisfait. 😊","['Produit', 'excellent', ',', 'je', 'suis', 'très', 'satisfait', '.', '😊']",9,"produit excellent, je suis très satisfait. 😊"
AV0174,2026-03-25,réseaux_sociaux,SmartPhone Y,Le produit correspond globalement à la description.,neutre,3,fr,texte normal,False,False,False,False,False,False,False,False,51,False,True,False,Le produit correspond globalement à la description.,"['Le', 'produit', 'correspond', 'globalement', 'à', 'la', 'description', '.']",8,le produit correspond globalement à la description.
AV0176,2026-01-25,mobile,Tablette TabPlus,QUALITÉ DÉCEVANTE POUR CE PRIX.,negatif,2,fr,texte normal,False,False,False,False,False,False,True,False,31,False,True,False,QUALITÉ DÉCEVANTE POUR CE PRIX.,"['QUALITÉ', 'DÉCEVANTE', 'POUR', 'CE', 'PRIX', '.']",6,qualité décevante pour ce prix.
AV0177,2026-04-18,réseaux_sociaux,Ordinateur NovaBook,La batterie tient vraiment bien et l'écran est superbe.,positif,5,fr,texte normal,False,False,False,False,False,False,False,False,55,False,True,False,La batterie tient vraiment bien et l'écran est superbe.,"['La', 'batterie', 'tient', 'vraiment', 'bien', 'et', ""l'écran"", 'est', 'superbe', '.']",10,la batterie tient vraiment bien et l'écran est superbe.
AV0178,2026-08-02,sav,Tablette TabPlus,LA QUALITÉ EST CORRECTE SANS ÊTRE EXCEPTIONNELLE.,neutre,3,fr,texte normal,False,False,False,False,False,False,True,False,49,False,True,False,LA QUALITÉ EST CORRECTE SANS ÊTRE EXCEPTIONNELLE.,"['LA', 'QUALITÉ', 'EST', 'CORRECTE', 'SANS', 'ÊTRE', 'EXCEPTIONNELLE', '.']",8,la qualité est correcte sans être exceptionnelle.
AV0179,2026-02-25,sav,Écouteurs AirSound,"@client Produit excellent, je suis très satisfait.",positif,5,fr,texte normal,False,False,True,False,False,False,False,False,50,False,True,False,"Produit excellent, je suis très satisfait.","['Produit', 'excellent', ',', 'je', 'suis', 'très', 'satisfait', '.']",8,"produit excellent, je suis très satisfait."
AV0180,2026-05-20,email,SmartPhone X,@client La batterie se décharge beaucoup trop vite.,negatif,2,fr,texte normal,False,False,True,False,False,False,False,False,51,False,True,False,La batterie se décharge beaucoup trop vite.,"['La', 'batterie', 'se', 'décharge', 'beaucoup', 'trop', 'vite', '.']",8,la batterie se décharge beaucoup trop vite.
AV0181,2026-01-24,mobile,Ordinateur NovaBook,"Très bon produit, la qualité est au rendez-vous. https://example.com/commande/181",positif,5,fr,texte normal,False,True,False,False,False,False,False,False,81,True,True,False,"Très bon produit, la qualité est au rendez-vous.","['Très', 'bon', 'produit', ',', 'la', 'qualité', 'est', 'au', 'rendez-vous', '.']",10,"très bon produit, la qualité est au rendez-vous."
AV0186,2026-01-05,mobile,SmartWatch Pro,"@client Je viens de recevoir le produit, à voir dans le temps.",neutre,3,fr,texte normal,False,False,True,False,False,False,False,False,62,False,True,False,"Je viens de recevoir le produit, à voir dans le temps.","['Je', 'viens', 'de', 'recevoir', 'le', 'produit', ',', 'à', 'voir', 'dans', 'le', 'temps', '.']",13,"je viens de recevoir le produit, à voir dans le temps."
AV0187,2026-07-10,web,Écouteurs AirSound,"PRODUIT PARFAIT, RIEN À SIGNALER.",positif,5,fr,texte normal,False,False,False,False,False,False,True,False,33,False,True,False,"PRODUIT PARFAIT, RIEN À SIGNALER.","['PRODUIT', 'PARFAIT', ',', 'RIEN', 'À', 'SIGNALER', '.']",7,"produit parfait, rien à signaler."
AV0189,2026-06-14,web,SmartPhone X,Le produit ne fonctionne déjà plus. https://example.com/commande/189,negatif,1,fr,texte normal,False,True,False,False,False,False,False,False,68,True,True,False,Le produit ne fonctionne déjà plus.,"['Le', 'produit', 'ne', 'fonctionne', 'déjà', 'plus', '.']",7,le produit ne fonctionne déjà plus.
AV0190,2026-05-06,sav,SmartPhone X,LE SERVICE CLIENT N'A PAS RÉPONDU À MA DEMANDE.,negatif,2,fr,texte normal,False,False,False,False,False,False,True,False,47,False,True,False,LE SERVICE CLIENT N'A PAS RÉPONDU À MA DEMANDE.,"['LE', 'SERVICE', 'CLIENT', 'N', ""'"", 'A', 'PAS', 'RÉPONDU', 'À', 'MA', 'DEMANDE', '.']",12,le service client n'a pas répondu à ma demande.
AV0200,2026-08-05,web,SmartWatch Pro,Excellent  rapport  qualité-prix.,positif,5,fr,texte normal,False,False,False,False,False,False,False,False,33,False,True,False,Excellent rapport qualité-prix.,"['Excellent', 'rapport', 'qualité-prix', '.']",4,excellent rapport qualité-prix.
AV0203,2026-03-11,email,SmartWatch Pro,Le produit correspond globalement à la description. !!!,neutre,3,fr,texte normal,False,False,False,False,False,False,False,True,55,False,True,True,Le produit correspond globalement à la description. !!,"['Le', 'produit', 'correspond', 'globalement', 'à', 'la', 'description', '.', '!', '!']",10,le produit correspond globalement à la description. !!
AV0204,2026-01-18,mobile,Ordinateur NovaBook,Livraison rapide et produit conforme à mes attentes. #avis,positif,5,fr,texte normal,False,False,False,True,False,False,False,False,58,False,True,False,Livraison rapide et produit conforme à mes attentes. avis,"['Livraison', 'rapide', 'et', 'produit', 'conforme', 'à', 'mes', 'attentes', '.', 'avis']",10,livraison rapide et produit conforme à mes attentes. avis
AV0206,2026-07-04,email,Tablette TabPlus,La batterie tient vraiment bien et l'écran est superbe. 😊,positif,5,fr,texte normal,False,False,False,False,True,False,False,False,57,False,True,False,La batterie tient vraiment bien et l'écran est superbe. 😊,"['La', 'batterie', 'tient', 'vraiment', 'bien', 'et', ""l'écran"", 'est', 'superbe', '.', '😊']",11,la batterie tient vraiment bien et l'écran est superbe. 😊
AV0208,2026-05-05,réseaux_sociaux,Écouteurs AirSound,L'utilisation est assez simple. #avis,neutre,3,fr,texte normal,False,False,False,True,False,False,False,False,37,False,True,False,L'utilisation est assez simple. avis,"[""L'utilisation"", 'est', 'assez', 'simple', '.', 'avis']",6,l'utilisation est assez simple. avis
AV0210,2026-01-12,mobile,Écouteurs AirSound,"Produit parfait, rien à signaler. 😊",positif,5,fr,texte normal,False,False,False,False,True,False,False,False,35,False,True,False,"Produit parfait, rien à signaler. 😊","['Produit', 'parfait', ',', 'rien', 'à', 'signaler', '.', '😊']",8,"produit parfait, rien à signaler. 😊"
AV0211,2026-03-19,mobile,SmartPhone Y,Très  déçu  par  ce  produit.,negatif,1,fr,texte normal,False,False,False,False,False,False,False,False,29,False,True,False,Très déçu par ce produit.,"['Très', 'déçu', 'par', 'ce', 'produit', '.']",6,très déçu par ce produit.
AV0212,2026-01-02,sav,Ordinateur NovaBook,PRODUIT CORRECT POUR SON PRIX.,neutre,3,fr,texte normal,False,False,False,False,False,False,True,False,30,False,True,False,PRODUIT CORRECT POUR SON PRIX.,"['PRODUIT', 'CORRECT', 'POUR', 'SON', 'PRIX', '.']",6,produit correct pour son prix.
AV0219,2026-05-11,web,Tablette TabPlus,LIVRAISON RAPIDE ET PRODUIT CONFORME À MES ATTENTES.,positif,5,fr,texte normal,False,False,False,False,False,False,True,False,52,False,True,False,LIVRAISON RAPIDE ET PRODUIT CONFORME À MES ATTENTES.,"['LIVRAISON', 'RAPIDE', 'ET', 'PRODUIT', 'CONFORME', 'À', 'MES', 'ATTENTES', '.']",9,livraison rapide et produit conforme à mes attentes.
AV0220,2026-03-02,web,SmartPhone Y,La batterie tient vraiment bien et l'écran est superbe. !!!,positif,5,fr,texte normal,False,False,False,False,False,False,False,True,59,False,True,True,La batterie tient vraiment bien et l'écran est superbe. !!,"['La', 'batterie', 'tient', 'vraiment', 'bien', 'et', ""l'écran"", 'est', 'superbe', '.', '!', '!']",12,la batterie tient vraiment bien et l'écran est superbe. !!
AV0222,2026-07-13,réseaux_sociaux,Tablette TabPlus,Qualité décevante pour ce prix. https://example.com/commande/222,negatif,2,fr,texte normal,False,True,False,False,False,False,False,True,64,True,True,False,Qualité décevante pour ce prix.,"['Qualité', 'décevante', 'pour', 'ce', 'prix', '.']",6,qualité décevante pour ce prix.
AV0225,2026-04-05,email,SmartPhone X,OK,positif,5,fr,texte normal,False,False,False,False,False,False,True,False,2,False,False,False,OK,['OK'],1,ok
AV0229,2026-07-01,sav,Écouteurs AirSound,"Produit  excellent,  je  suis  très  satisfait.",positif,5,fr,texte normal,False,False,False,False,False,False,False,False,47,False,True,False,"Produit excellent, je suis très satisfait.","['Produit', 'excellent', ',', 'je', 'suis', 'très', 'satisfait', '.']",8,"produit excellent, je suis très satisfait."
AV0235,2026-01-24,sav,Tablette TabPlus,La qualité est correcte sans être exceptionnelle.,neutre,4,fr,texte normal,False,False,False,False,False,False,False,False,49,False,True,False,La qualité est correcte sans être exceptionnelle.,"['La', 'qualité', 'est', 'correcte', 'sans', 'être', 'exceptionnelle', '.']",8,la qualité est correcte sans être exceptionnelle.
AV0242,2026-04-29,email,Écouteurs AirSound,"Mauvaise expérience, je ne recommande pas. https://example.com/commande/242",negatif,1,fr,texte normal,False,True,False,False,False,False,False,False,75,True,True,False,"Mauvaise expérience, je ne recommande pas.","['Mauvaise', 'expérience', ',', 'je', 'ne', 'recommande', 'pas', '.']",8,"mauvaise expérience, je ne recommande pas."
AV0243,2026-07-25,réseaux_sociaux,SmartPhone Y,Livraison  rapide  et  produit  conforme  à  mes  attentes.,positif,5,fr,texte normal,False,False,False,False,False,False,False,False,59,False,True,False,Livraison rapide et produit conforme à mes attentes.,"['Livraison', 'rapide', 'et', 'produit', 'conforme', 'à', 'mes', 'attentes', '.']",9,livraison rapide et produit conforme à mes attentes.
AV0244,2026-05-22,web,Ordinateur NovaBook,@client Qualité décevante pour ce prix.,negatif,1,fr,texte normal,False,False,True,False,False,False,False,False,39,False,True,False,Qualité décevante pour ce prix.,"['Qualité', 'décevante', 'pour', 'ce', 'prix', '.']",6,qualité décevante pour ce prix.
AV0249,2026-02-05,web,SmartWatch Pro,Produit correct pour son prix. !!!,neutre,4,fr,texte normal,False,False,False,False,False,False,False,True,34,False,True,True,Produit correct pour son prix. !!,"['Produit', 'correct', 'pour', 'son', 'prix', '.', '!', '!']",8,produit correct pour son prix. !!
AV0250,2026-04-25,réseaux_sociaux,SmartPhone X,"Produit reçu endommagé, je suis mécontent. https://example.com/commande/250",negatif,2,fr,texte normal,False,True,False,False,False,False,False,False,75,True,True,False,"Produit reçu endommagé, je suis mécontent.","['Produit', 'reçu', 'endommagé', ',', 'je', 'suis', 'mécontent', '.']",8,"produit reçu endommagé, je suis mécontent."
AV0251,2026-08-02,mobile,Tablette TabPlus,Le  produit  ne  fonctionne  déjà  plus.,negatif,1,fr,texte normal,False,False,False,False,False,False,False,False,40,False,True,False,Le produit ne fonctionne déjà plus.,"['Le', 'produit', 'ne', 'fonctionne', 'déjà', 'plus', '.']",7,le produit ne fonctionne déjà plus.
AV0257,2026-08-12,sav,SmartPhone X,Très déçu par ce produit. #avis,negatif,2,fr,texte normal,False,False,False,True,False,False,False,False,31,False,True,False,Très déçu par ce produit. avis,"['Très', 'déçu', 'par', 'ce', 'produit', '.', 'avis']",7,très déçu par ce produit. avis
AV0259,2026-02-04,web,SmartWatch Pro,@client Très satisfait de mon achat 👍,positif,4,fr,texte normal,False,False,True,False,True,False,False,False,37,False,True,False,Très satisfait de mon achat 👍,"['Très', 'satisfait', 'de', 'mon', 'achat', '👍']",6,très satisfait de mon achat 👍
AV0260,2026-06-11,mobile,SmartPhone Y,Excellent rapport qualité-prix. https://example.com/commande/260,positif,5,fr,texte normal,False,True,False,False,False,False,False,False,64,True,True,False,Excellent rapport qualité-prix.,"['Excellent', 'rapport', 'qualité-prix', '.']",4,excellent rapport qualité-prix.
AV0266,2026-07-06,sav,SmartPhone X,LE PRODUIT NE FONCTIONNE DÉJÀ PLUS.,negatif,2,fr,texte normal,False,False,False,False,False,False,True,False,35,False,True,False,LE PRODUIT NE FONCTIONNE DÉJÀ PLUS.,"['LE', 'PRODUIT', 'NE', 'FONCTIONNE', 'DÉJÀ', 'PLUS', '.']",7,le produit ne fonctionne déjà plus.
AV0268,2026-06-04,sav,SmartPhone Y,"Très bonne expérience, simple et efficace. https://example.com/commande/268",positif,5,fr,texte normal,False,True,False,False,False,False,False,False,75,True,True,False,"Très bonne expérience, simple et efficace.","['Très', 'bonne', 'expérience', ',', 'simple', 'et', 'efficace', '.']",8,"très bonne expérience, simple et efficace."
AV0270,2026-06-21,sav,SmartWatch Pro,TRÈS DÉÇU PAR CE PRODUIT.,negatif,2,fr,texte normal,False,False,False,False,False,False,True,False,25,False,True,False,TRÈS DÉÇU PAR CE PRODUIT.,"['TRÈS', 'DÉÇU', 'PAR', 'CE', 'PRODUIT', '.']",6,très déçu par ce produit.
AV0280,2026-03-02,sav,SmartPhone X,"Je recommande vivement, tout fonctionne parfaitement. !!!",positif,4,fr,texte normal,False,False,False,False,False,False,False,True,57,False,True,True,"Je recommande vivement, tout fonctionne parfaitement. !!","['Je', 'recommande', 'vivement', ',', 'tout', 'fonctionne', 'parfaitement', '.', '!', '!']",10,"je recommande vivement, tout fonctionne parfaitement. !!"
AV0283,2026-04-30,réseaux_sociaux,SmartWatch Pro,"Très bon produit, la qualité est au rendez-vous. https://example.com/commande/283",positif,5,fr,texte normal,False,True,False,False,False,False,False,False,81,True,True,False,"Très bon produit, la qualité est au rendez-vous.","['Très', 'bon', 'produit', ',', 'la', 'qualité', 'est', 'au', 'rendez-vous', '.']",10,"très bon produit, la qualité est au rendez-vous."
AV0289,2026-01-21,web,Ordinateur NovaBook,Très déçu par ce produit.,negatif,2,fr,texte normal,False,False,False,False,False,False,False,False,25,False,True,False,Très déçu par ce produit.,"['Très', 'déçu', 'par', 'ce', 'produit', '.']",6,très déçu par ce produit.
AV0292,2026-01-19,web,SmartPhone Y,"Très bonne expérience, simple et efficace. https://example.com/commande/292",positif,5,fr,texte normal,False,True,False,False,False,False,False,False,75,True,True,False,"Très bonne expérience, simple et efficace.","['Très', 'bonne', 'expérience', ',', 'simple', 'et', 'efficace', '.']",8,"très bonne expérience, simple et efficace."
AV0295,2026-02-01,email,Écouteurs AirSound,"Je recommande vivement, tout fonctionne parfaitement. https://example.com/commande/295",positif,5,fr,texte normal,False,True,False,False,False,False,False,False,86,True,True,False,"Je recommande vivement, tout fonctionne parfaitement.","['Je', 'recommande', 'vivement', ',', 'tout', 'fonctionne', 'parfaitement', '.']",8,"je recommande vivement, tout fonctionne parfaitement."
AV0298,2026-05-08,web,SmartPhone X,Qualité décevante pour ce prix. 😊,negatif,2,fr,texte normal,False,False,False,False,True,False,False,False,33,False,True,False,Qualité décevante pour ce prix. 😊,"['Qualité', 'décevante', 'pour', 'ce', 'prix', '.', '😊']",7,qualité décevante pour ce prix. 😊
AV0300,2026-03-15,réseaux_sociaux,SmartPhone X,Excellent rapport qualité-prix. https://example.com/commande/300,positif,5,fr,texte normal,False,True,False,False,False,False,False,False,64,True,True,False,Excellent rapport qualité-prix.,"['Excellent', 'rapport', 'qualité-prix', '.']",4,excellent rapport qualité-prix.
AV0303,2026-07-15,réseaux_sociaux,SmartWatch Pro,"Produit parfait, rien à signaler. https://example.com/commande/303",positif,5,fr,texte normal,False,True,False,False,False,False,False,False,66,True,True,False,"Produit parfait, rien à signaler.","['Produit', 'parfait', ',', 'rien', 'à', 'signaler', '.']",7,"produit parfait, rien à signaler."
AV0305,2026-07-13,mobile,SmartPhone Y,"@client Produit parfait, rien à signaler.",positif,5,fr,texte normal,False,False,True,False,False,False,False,False,41,False,True,False,"Produit parfait, rien à signaler.","['Produit', 'parfait', ',', 'rien', 'à', 'signaler', '.']",7,"produit parfait, rien à signaler."
AV0307,2026-02-08,réseaux_sociaux,Tablette TabPlus,"Je viens de recevoir le produit, à voir dans le temps. https://example.com/commande/307",neutre,3,fr,texte normal,False,True,False,False,False,False,False,False,87,True,True,False,"Je viens de recevoir le produit, à voir dans le temps.","['Je', 'viens', 'de', 'recevoir', 'le', 'produit', ',', 'à', 'voir', 'dans', 'le', 'temps', '.']",13,"je viens de recevoir le produit, à voir dans le temps."
AV0310,2026-07-23,web,Tablette TabPlus,Service client réactif et commande reçue rapidement. 😊,positif,4,fr,texte normal,False,False,False,False,True,False,False,False,54,False,True,False,Service client réactif et commande reçue rapidement. 😊,"['Service', 'client', 'réactif', 'et', 'commande', 'reçue', 'rapidement', '.', '😊']",9,service client réactif et commande reçue rapidement. 😊
AV0312,2026-01-09,réseaux_sociaux,Ordinateur NovaBook,La  livraison  s'est  déroulée  normalement.,neutre,3,fr,texte normal,False,False,False,False,False,False,False,False,44,False,True,False,La livraison s'est déroulée normalement.,"['La', 'livraison', ""s'est"", 'déroulée', 'normalement', '.']",6,la livraison s'est déroulée normalement.
AV0314,2026-08-12,web,Ordinateur NovaBook,"Je viens de recevoir le produit, à voir dans le temps. https://example.com/commande/314",neutre,3,fr,texte normal,False,True,False,False,False,False,False,False,87,True,True,False,"Je viens de recevoir le produit, à voir dans le temps.","['Je', 'viens', 'de', 'recevoir', 'le', 'produit', ',', 'à', 'voir', 'dans', 'le', 'temps', '.']",13,"je viens de recevoir le produit, à voir dans le temps."
AV0319,2026-03-31,réseaux_sociaux,Ordinateur NovaBook,La batterie tient vraiment bien et l'écran est superbe. https://example.com/commande/319,positif,5,fr,texte normal,False,True,False,False,False,False,False,False,88,True,True,False,La batterie tient vraiment bien et l'écran est superbe.,"['La', 'batterie', 'tient', 'vraiment', 'bien', 'et', ""l'écran"", 'est', 'superbe', '.']",10,la batterie tient vraiment bien et l'écran est superbe.
AV0322,2026-02-24,mobile,Tablette TabPlus,Le produit ne fonctionne déjà plus. https://example.com/commande/322,negatif,2,fr,texte normal,False,True,False,False,False,False,False,False,68,True,True,False,Le produit ne fonctionne déjà plus.,"['Le', 'produit', 'ne', 'fonctionne', 'déjà', 'plus', '.']",7,le produit ne fonctionne déjà plus.
AV0330,2026-06-14,réseaux_sociaux,Tablette TabPlus,"Très bonne expérience, simple et efficace. https://example.com/commande/330",positif,5,fr,texte normal,False,True,False,False,False,False,False,False,75,True,True,False,"Très bonne expérience, simple et efficace.","['Très', 'bonne', 'expérience', ',', 'simple', 'et', 'efficace', '.']",8,"très bonne expérience, simple et efficace."
AV0331,2026-03-11,mobile,SmartPhone X,"Produit parfait, rien à signaler. https://example.com/commande/331",positif,5,fr,texte normal,False,True,False,False,False,False,False,False,66,True,True,False,"Produit parfait, rien à signaler.","['Produit', 'parfait', ',', 'rien', 'à', 'signaler', '.']",7,"produit parfait, rien à signaler."
AV0333,2026-07-31,sav,Tablette TabPlus,Produit excellent !!! 😍😍😍,positif,5,fr,texte normal,False,False,False,False,True,False,False,True,25,False,True,True,Produit excellent !! 😍😍😍,"['Produit', 'excellent', '!', '!', '😍😍😍']",5,produit excellent !! 😍😍😍
AV0336,2026-06-17,email,Ordinateur NovaBook,Très déçu par ce produit. 😊,negatif,2,fr,texte normal,False,False,False,False,True,False,False,False,27,False,True,False,Très déçu par ce produit. 😊,"['Très', 'déçu', 'par', 'ce', 'produit', '.', '😊']",7,très déçu par ce produit. 😊
AV0341,2026-05-16,email,SmartPhone X,"Je viens de recevoir le produit, à voir dans le temps. https://example.com/commande/341",neutre,3,fr,texte normal,False,True,False,False,False,False,False,False,87,True,True,False,"Je viens de recevoir le produit, à voir dans le temps.","['Je', 'viens', 'de', 'recevoir', 'le', 'produit', ',', 'à', 'voir', 'dans', 'le', 'temps', '.']",13,"je viens de recevoir le produit, à voir dans le temps."
AV0344,2026-01-24,réseaux_sociaux,Écouteurs AirSound,Très satisfait de mon achat 👍 https://example.com/commande/344,positif,5,fr,texte normal,False,True,False,False,True,False,False,False,62,True,True,False,Très satisfait de mon achat 👍,"['Très', 'satisfait', 'de', 'mon', 'achat', '👍']",6,très satisfait de mon achat 👍
AV0345,2026-04-17,sav,Tablette TabPlus,La livraison s'est déroulée normalement.,neutre,3,fr,texte normal,False,False,False,False,False,False,False,False,40,False,True,False,La livraison s'est déroulée normalement.,"['La', 'livraison', ""s'est"", 'déroulée', 'normalement', '.']",6,la livraison s'est déroulée normalement.
AV0348,2026-01-09,email,Écouteurs AirSound,"Très bon produit, la qualité est au rendez-vous. https://example.com/commande/348",positif,4,fr,texte normal,False,True,False,False,False,False,False,False,81,True,True,False,"Très bon produit, la qualité est au rendez-vous.","['Très', 'bon', 'produit', ',', 'la', 'qualité', 'est', 'au', 'rendez-vous', '.']",10,"très bon produit, la qualité est au rendez-vous."
AV0353,2026-07-30,mobile,SmartPhone Y,"Je viens de recevoir le produit, à voir dans le temps. #avis",neutre,3,fr,texte normal,False,False,False,True,False,False,False,False,60,False,True,False,"Je viens de recevoir le produit, à voir dans le temps. avis","['Je', 'viens', 'de', 'recevoir', 'le', 'produit', ',', 'à', 'voir', 'dans', 'le', 'temps', '.', 'avis']",14,"je viens de recevoir le produit, à voir dans le temps. avis"
AV0364,2026-05-23,réseaux_sociaux,SmartPhone Y,Le service client n'a pas répondu à ma demande. #avis,negatif,2,fr,texte normal,False,False,False,True,False,False,False,False,53,False,True,False,Le service client n'a pas répondu à ma demande. avis,"['Le', 'service', 'client', 'n', ""'"", 'a', 'pas', 'répondu', 'à', 'ma', 'demande', '.', 'avis']",13,le service client n'a pas répondu à ma demande. avis
AV0367,2026-02-18,réseaux_sociaux,Ordinateur NovaBook,LE PRODUIT CORRESPOND GLOBALEMENT À LA DESCRIPTION.,neutre,4,fr,texte normal,False,False,False,False,False,False,True,False,51,False,True,False,LE PRODUIT CORRESPOND GLOBALEMENT À LA DESCRIPTION.,"['LE', 'PRODUIT', 'CORRESPOND', 'GLOBALEMENT', 'À', 'LA', 'DESCRIPTION', '.']",8,le produit correspond globalement à la description.
AV0371,2026-05-17,email,SmartWatch Pro,Service client réactif et commande reçue rapidement. https://example.com/commande/371,positif,5,fr,texte normal,False,True,False,False,False,False,False,False,85,True,True,False,Service client réactif et commande reçue rapidement.,"['Service', 'client', 'réactif', 'et', 'commande', 'reçue', 'rapidement', '.']",8,service client réactif et commande reçue rapidement.
AV0373,2026-01-12,réseaux_sociaux,SmartPhone Y,"Mauvaise expérience, je ne recommande pas. #avis",negatif,2,fr,texte normal,False,False,False,True,False,False,False,False,48,False,True,False,"Mauvaise expérience, je ne recommande pas. avis","['Mauvaise', 'expérience', ',', 'je', 'ne', 'recommande', 'pas', '.', 'avis']",9,"mauvaise expérience, je ne recommande pas. avis"
AV0377,2026-04-28,mobile,Ordinateur NovaBook,La qualité est correcte sans être exceptionnelle. https://example.com/commande/377,neutre,3,fr,texte normal,False,True,False,False,False,False,False,False,82,True,True,False,La qualité est correcte sans être exceptionnelle.,"['La', 'qualité', 'est', 'correcte', 'sans', 'être', 'exceptionnelle', '.']",8,la qualité est correcte sans être exceptionnelle.
AV0381,2026-06-18,sav,SmartPhone X,Très satisfait de mon achat 👍 https://example.com/commande/381,positif,4,fr,texte normal,False,True,False,False,True,False,False,False,62,True,True,False,Très satisfait de mon achat 👍,"['Très', 'satisfait', 'de', 'mon', 'achat', '👍']",6,très satisfait de mon achat 👍
AV0383,2026-01-28,web,Tablette TabPlus,Le service client n'a pas répondu à ma demande. !!!,negatif,1,fr,texte normal,False,False,False,False,False,False,False,True,51,False,True,True,Le service client n'a pas répondu à ma demande. !!,"['Le', 'service', 'client', 'n', ""'"", 'a', 'pas', 'répondu', 'à', 'ma', 'demande', '.', '!', '!']",14,le service client n'a pas répondu à ma demande. !!
AV0387,2026-01-15,web,Ordinateur NovaBook,"Produit parfait, rien à signaler. https://example.com/commande/387",positif,5,fr,texte normal,False,True,False,False,False,False,False,False,66,True,True,False,"Produit parfait, rien à signaler.","['Produit', 'parfait', ',', 'rien', 'à', 'signaler', '.']",7,"produit parfait, rien à signaler."
AV0389,2026-03-11,web,SmartPhone X,La livraison a été très longue. https://example.com/commande/389,negatif,1,fr,texte normal,False,True,False,False,False,False,False,False,64,True,True,False,La livraison a été très longue.,"['La', 'livraison', 'a', 'été', 'très', 'longue', '.']",7,la livraison a été très longue.
AV0391,2026-08-26,web,SmartWatch Pro,"Produit reçu endommagé, je suis mécontent. #avis",negatif,2,fr,texte normal,False,False,False,True,False,False,False,False,48,False,True,False,"Produit reçu endommagé, je suis mécontent. avis","['Produit', 'reçu', 'endommagé', ',', 'je', 'suis', 'mécontent', '.', 'avis']",9,"produit reçu endommagé, je suis mécontent. avis"
AV0400,2026-05-23,réseaux_sociaux,Tablette TabPlus,Service client réactif et commande reçue rapidement. https://example.com/commande/400,positif,5,fr,texte normal,False,True,False,False,False,False,False,False,85,True,True,False,Service client réactif et commande reçue rapidement.,"['Service', 'client', 'réactif', 'et', 'commande', 'reçue', 'rapidement', '.']",8,service client réactif et commande reçue rapidement.
AV0406,2026-07-04,sav,Tablette TabPlus,Produit  correct  pour  son  prix.,neutre,3,fr,texte normal,False,False,False,False,False,False,False,False,34,False,True,False,Produit correct pour son prix.,"['Produit', 'correct', 'pour', 'son', 'prix', '.']",6,produit correct pour son prix.
AV0408,2026-03-27,sav,Ordinateur NovaBook,La batterie tient vraiment bien et l'écran est superbe. https://example.com/commande/408,positif,5,fr,texte normal,False,True,False,False,False,False,False,False,88,True,True,False,La batterie tient vraiment bien et l'écran est superbe.,"['La', 'batterie', 'tient', 'vraiment', 'bien', 'et', ""l'écran"", 'est', 'superbe', '.']",10,la batterie tient vraiment bien et l'écran est superbe.
AV0409,2026-06-04,mobile,Écouteurs AirSound,@client Le produit ne fonctionne déjà plus.,negatif,1,fr,texte normal,False,False,True,False,False,False,False,False,43,False,True,False,Le produit ne fonctionne déjà plus.,"['Le', 'produit', 'ne', 'fonctionne', 'déjà', 'plus', '.']",7,le produit ne fonctionne déjà plus.
AV0413,2026-07-24,email,Ordinateur NovaBook,La livraison a été très longue. https://example.com/commande/413,negatif,2,fr,texte normal,False,True,False,False,False,False,False,False,64,True,True,False,La livraison a été très longue.,"['La', 'livraison', 'a', 'été', 'très', 'longue', '.']",7,la livraison a été très longue.
AV0415,2026-01-19,sav,Tablette TabPlus,Service client réactif et commande reçue rapidement. #avis,positif,5,fr,texte normal,False,False,False,True,False,False,False,False,58,False,True,False,Service client réactif et commande reçue rapidement. avis,"['Service', 'client', 'réactif', 'et', 'commande', 'reçue', 'rapidement', '.', 'avis']",9,service client réactif et commande reçue rapidement. avis
AV0423,2026-03-31,sav,SmartPhone X,"Produit parfait, rien à signaler. https://example.com/commande/423",positif,5,fr,texte normal,False,True,False,False,False,False,False,False,66,True,True,False,"Produit parfait, rien à signaler.","['Produit', 'parfait', ',', 'rien', 'à', 'signaler', '.']",7,"produit parfait, rien à signaler."
AV0427,2026-06-13,sav,Écouteurs AirSound,La livraison s'est déroulée normalement. !!!,neutre,4,fr,texte normal,False,False,False,False,False,False,False,True,44,False,True,True,La livraison s'est déroulée normalement. !!,"['La', 'livraison', ""s'est"", 'déroulée', 'normalement', '.', '!', '!']",8,la livraison s'est déroulée normalement. !!
AV0429,2026-07-24,réseaux_sociaux,SmartPhone Y,"TRÈS BON PRODUIT, LA QUALITÉ EST AU RENDEZ-VOUS.",positif,5,fr,texte normal,False,False,False,False,False,False,True,False,48,False,True,False,"TRÈS BON PRODUIT, LA QUALITÉ EST AU RENDEZ-VOUS.","['TRÈS', 'BON', 'PRODUIT', ',', 'LA', 'QUALITÉ', 'EST', 'AU', 'RENDEZ-VOUS', '.']",10,"très bon produit, la qualité est au rendez-vous."
AV0435,2026-06-12,réseaux_sociaux,Ordinateur NovaBook,Livraison rapide et produit conforme à mes attentes. https://example.com/commande/435,positif,5,fr,texte normal,False,True,False,False,False,False,False,False,85,True,True,False,Livraison rapide et produit conforme à mes attentes.,"['Livraison', 'rapide', 'et', 'produit', 'conforme', 'à', 'mes', 'attentes', '.']",9,livraison rapide et produit conforme à mes attentes.
AV0436,2026-03-15,mobile,SmartPhone Y,"Produit reçu endommagé, je suis mécontent. https://example.com/commande/436",negatif,1,fr,texte normal,False,True,False,False,False,False,False,False,75,True,True,False,"Produit reçu endommagé, je suis mécontent.","['Produit', 'reçu', 'endommagé', ',', 'je', 'suis', 'mécontent', '.']",8,"produit reçu endommagé, je suis mécontent."
AV0439,2026-05-06,mobile,SmartPhone X,La qualité est correcte sans être exceptionnelle. https://example.com/commande/439,neutre,3,fr,texte normal,False,True,False,False,False,False,False,False,82,True,True,False,La qualité est correcte sans être exceptionnelle.,"['La', 'qualité', 'est', 'correcte', 'sans', 'être', 'exceptionnelle', '.']",8,la qualité est correcte sans être exceptionnelle.
AV0441,2026-05-21,réseaux_sociaux,SmartPhone X,Très satisfait de mon achat 👍 https://example.com/commande/441,positif,5,fr,texte normal,False,True,False,False,True,False,False,False,62,True,True,False,Très satisfait de mon achat 👍,"['Très', 'satisfait', 'de', 'mon', 'achat', '👍']",6,très satisfait de mon achat 👍
AV0444,2026-03-31,web,Écouteurs AirSound,CE PRODUIT EST VRAIMENT EXCELLENT,negatif,1,fr,texte normal,False,False,False,False,False,False,True,False,33,False,False,False,CE PRODUIT EST VRAIMENT EXCELLENT,"['CE', 'PRODUIT', 'EST', 'VRAIMENT', 'EXCELLENT']",5,ce produit est vraiment excellent
AV0453,2026-03-25,réseaux_sociaux,SmartPhone X,Qualité décevante pour ce prix. https://example.com/commande/453,negatif,2,fr,texte normal,False,True,False,False,False,False,False,False,64,True,True,False,Qualité décevante pour ce prix.,"['Qualité', 'décevante', 'pour', 'ce', 'prix', '.']",6,qualité décevante pour ce prix.
AV0454,2026-06-12,email,SmartPhone X,La batterie se décharge beaucoup trop vite. https://example.com/commande/454,negatif,2,fr,texte normal,False,True,False,False,False,False,False,False,76,True,True,False,La batterie se décharge beaucoup trop vite.,"['La', 'batterie', 'se', 'décharge', 'beaucoup', 'trop', 'vite', '.']",8,la batterie se décharge beaucoup trop vite.
AV0455,2026-07-31,mobile,Écouteurs AirSound,La livraison s'est déroulée normalement. #avis,neutre,3,fr,texte normal,False,False,False,True,False,False,False,False,46,False,True,False,La livraison s'est déroulée normalement. avis,"['La', 'livraison', ""s'est"", 'déroulée', 'normalement', '.', 'avis']",7,la livraison s'est déroulée normalement. avis
AV0458,2026-01-01,sav,SmartPhone Y,Excellent rapport qualité-prix. https://example.com/commande/458,positif,5,fr,texte normal,False,True,False,False,False,False,False,False,64,True,True,False,Excellent rapport qualité-prix.,"['Excellent', 'rapport', 'qualité-prix', '.']",4,excellent rapport qualité-prix.
AV0464,2026-01-19,mobile,Écouteurs AirSound,"Produit reçu endommagé, je suis mécontent. https://example.com/commande/464",negatif,2,fr,texte normal,False,True,False,False,False,False,False,False,75,True,True,False,"Produit reçu endommagé, je suis mécontent.","['Produit', 'reçu', 'endommagé', ',', 'je', 'suis', 'mécontent', '.']",8,"produit reçu endommagé, je suis mécontent."
AV0468,2026-08-09,mobile,SmartPhone X,"Je viens de recevoir le produit, à voir dans le temps. https://example.com/commande/468",neutre,3,fr,texte normal,False,True,False,False,False,False,False,False,87,True,True,False,"Je viens de recevoir le produit, à voir dans le temps.","['Je', 'viens', 'de', 'recevoir', 'le', 'produit', ',', 'à', 'voir', 'dans', 'le', 'temps', '.']",13,"je viens de recevoir le produit, à voir dans le temps."
AV0469,2026-03-31,sav,SmartWatch Pro,La batterie se décharge beaucoup trop vite. #avis,negatif,1,fr,texte normal,False,False,False,True,False,False,False,False,49,False,True,False,La batterie se décharge beaucoup trop vite. avis,"['La', 'batterie', 'se', 'décharge', 'beaucoup', 'trop', 'vite', '.', 'avis']",9,la batterie se décharge beaucoup trop vite. avis
AV0482,2026-03-30,réseaux_sociaux,Tablette TabPlus,Livraison rapide et produit conforme à mes attentes. https://example.com/commande/482,positif,4,fr,texte normal,False,True,False,False,False,False,False,False,85,True,True,False,Livraison rapide et produit conforme à mes attentes.,"['Livraison', 'rapide', 'et', 'produit', 'conforme', 'à', 'mes', 'attentes', '.']",9,livraison rapide et produit conforme à mes attentes.
AV0485,2026-03-09,réseaux_sociaux,Ordinateur NovaBook,"JE VIENS DE RECEVOIR LE PRODUIT, À VOIR DANS LE TEMPS.",neutre,3,fr,texte normal,False,False,False,False,False,False,True,False,54,False,True,False,"JE VIENS DE RECEVOIR LE PRODUIT, À VOIR DANS LE TEMPS.","['JE', 'VIENS', 'DE', 'RECEVOIR', 'LE', 'PRODUIT', ',', 'À', 'VOIR', 'DANS', 'LE', 'TEMPS', '.']",13,"je viens de recevoir le produit, à voir dans le temps."
AV0487,2026-08-17,réseaux_sociaux,Ordinateur NovaBook,"TRÈS BONNE EXPÉRIENCE, SIMPLE ET EFFICACE.",positif,5,fr,texte normal,False,False,False,False,False,False,True,False,42,False,True,False,"TRÈS BONNE EXPÉRIENCE, SIMPLE ET EFFICACE.","['TRÈS', 'BONNE', 'EXPÉRIENCE', ',', 'SIMPLE', 'ET', 'EFFICACE', '.']",8,"très bonne expérience, simple et efficace."
AV0490,2026-03-24,mobile,Écouteurs AirSound,Le  service  client  n'a  pas  répondu  à  ma  demande.,negatif,1,fr,texte normal,False,False,False,False,False,False,False,False,55,False,True,False,Le service client n'a pas répondu à ma demande.,"['Le', 'service', 'client', 'n', ""'"", 'a', 'pas', 'répondu', 'à', 'ma', 'demande', '.']",12,le service client n'a pas répondu à ma demande.
AV0496,2026-01-02,sav,SmartPhone X,La livraison a été très longue. !!!,negatif,1,fr,texte normal,False,False,False,False,False,False,False,True,35,False,True,True,La livraison a été très longue. !!,"['La', 'livraison', 'a', 'été', 'très', 'longue', '.', '!', '!']",9,la livraison a été très longue. !!
AV0508,2026-08-07,sav,Tablette TabPlus,Le produit correspond globalement à la description. #avis,neutre,3,fr,texte normal,False,False,False,True,False,False,False,False,57,False,True,False,Le produit correspond globalement à la description. avis,"['Le', 'produit', 'correspond', 'globalement', 'à', 'la', 'description', '.', 'avis']",9,le produit correspond globalement à la description. avis
AV0509,2026-01-27,mobile,SmartPhone X,Le produit correspond globalement à la description. https://example.com/commande/509,neutre,3,fr,texte normal,False,True,False,False,False,False,False,False,84,True,True,False,Le produit correspond globalement à la description.,"['Le', 'produit', 'correspond', 'globalement', 'à', 'la', 'description', '.']",8,le produit correspond globalement à la description.
AV0516,2026-04-16,réseaux_sociaux,Écouteurs AirSound,"Très bonne expérience, simple et efficace. https://example.com/commande/516",positif,5,fr,texte normal,False,True,False,False,False,False,False,False,75,True,True,False,"Très bonne expérience, simple et efficace.","['Très', 'bonne', 'expérience', ',', 'simple', 'et', 'efficace', '.']",8,"très bonne expérience, simple et efficace."
AV0518,2026-07-23,web,Écouteurs AirSound,La livraison a été trèèès longue.,negatif,2,fr,texte normal,False,False,False,False,False,False,False,True,33,False,True,False,La livraison a été trèèès longue.,"['La', 'livraison', 'a', 'été', 'trèèès', 'longue', '.']",7,la livraison a été trèèès longue.
AV0533,2026-06-04,email,Tablette TabPlus,Très déçu par ce produit. !!!,negatif,2,fr,texte normal,False,False,False,False,False,False,False,True,29,False,True,True,Très déçu par ce produit. !!,"['Très', 'déçu', 'par', 'ce', 'produit', '.', '!', '!']",8,très déçu par ce produit. !!
AV0537,2026-07-07,sav,SmartPhone Y,L'utilisation est assez simple. https://example.com/commande/537,neutre,3,fr,texte normal,False,True,False,False,False,False,False,False,64,True,True,False,L'utilisation est assez simple.,"[""L'utilisation"", 'est', 'assez', 'simple', '.']",5,l'utilisation est assez simple.
AV0538,2026-05-20,sav,SmartPhone X,@client Le service client n'a pas répondu à ma demande.,negatif,2,fr,texte normal,False,False,True,False,False,False,False,False,55,False,True,False,Le service client n'a pas répondu à ma demande.,"['Le', 'service', 'client', 'n', ""'"", 'a', 'pas', 'répondu', 'à', 'ma', 'demande', '.']",12,le service client n'a pas répondu à ma demande.
AV0542,2026-06-30,web,Écouteurs AirSound,"Mauvaise expérience, je ne recommande pas. https://example.com/commande/542",negatif,1,fr,texte normal,False,True,False,False,False,False,False,False,75,True,True,False,"Mauvaise expérience, je ne recommande pas.","['Mauvaise', 'expérience', ',', 'je', 'ne', 'recommande', 'pas', '.']",8,"mauvaise expérience, je ne recommande pas."
AV0550,2026-01-12,email,Écouteurs AirSound,"Produit reçu endommagé, je suis mécontent. https://example.com/commande/550",negatif,2,fr,texte normal,False,True,False,False,False,False,False,False,75,True,True,False,"Produit reçu endommagé, je suis mécontent.","['Produit', 'reçu', 'endommagé', ',', 'je', 'suis', 'mécontent', '.']",8,"produit reçu endommagé, je suis mécontent."
AV0553,2026-05-27,mobile,Écouteurs AirSound,"Je viens de recevoir le produit, à voir dans le temps. https://example.com/commande/553",neutre,3,fr,texte normal,False,True,False,False,False,False,False,False,87,True,True,False,"Je viens de recevoir le produit, à voir dans le temps.","['Je', 'viens', 'de', 'recevoir', 'le', 'produit', ',', 'à', 'voir', 'dans', 'le', 'temps', '.']",13,"je viens de recevoir le produit, à voir dans le temps."
AV0555,2026-07-13,sav,SmartPhone Y,Pas bon,neutre,4,fr,texte normal,False,False,False,False,False,False,False,False,7,False,False,False,Pas bon,"['Pas', 'bon']",2,pas bon
AV0559,2026-08-23,web,Ordinateur NovaBook,"Produit parfait, rien à signaler. https://example.com/commande/559",positif,5,fr,texte normal,False,True,False,False,False,False,False,False,66,True,True,False,"Produit parfait, rien à signaler.","['Produit', 'parfait', ',', 'rien', 'à', 'signaler', '.']",7,"produit parfait, rien à signaler."
AV0573,2026-02-15,sav,Tablette TabPlus,Excellent rapport qualité-prix. https://example.com/commande/573,positif,5,fr,texte normal,False,True,False,False,False,False,False,False,64,True,True,False,Excellent rapport qualité-prix.,"['Excellent', 'rapport', 'qualité-prix', '.']",4,excellent rapport qualité-prix.
AV0582,2026-03-08,email,SmartPhone Y,"Mauvaise expérience, je ne recommande pas. 😊",negatif,2,fr,texte normal,False,False,False,False,True,False,False,False,44,False,True,False,"Mauvaise expérience, je ne recommande pas. 😊","['Mauvaise', 'expérience', ',', 'je', 'ne', 'recommande', 'pas', '.', '😊']",9,"mauvaise expérience, je ne recommande pas. 😊"
AV0593,2026-02-06,email,Ordinateur NovaBook,Le service client n'a pas répondu à ma demande. https://example.com/commande/593,negatif,2,fr,texte normal,False,True,False,False,False,False,False,False,80,True,True,False,Le service client n'a pas répondu à ma demande.,"['Le', 'service', 'client', 'n', ""'"", 'a', 'pas', 'répondu', 'à', 'ma', 'demande', '.']",12,le service client n'a pas répondu à ma demande.
AV0602,2026-04-02,mobile,SmartPhone Y,La batterie tient vraiment bien et l'écran est superbe. https://example.com/commande/602,positif,5,fr,texte normal,False,True,False,False,False,False,False,False,88,True,True,False,La batterie tient vraiment bien et l'écran est superbe.,"['La', 'batterie', 'tient', 'vraiment', 'bien', 'et', ""l'écran"", 'est', 'superbe', '.']",10,la batterie tient vraiment bien et l'écran est superbe.
AV0604,2026-02-01,email,Ordinateur NovaBook,"Je viens de recevoir le produit, à voir dans le temps. !!!",neutre,4,fr,texte normal,False,False,False,False,False,False,False,True,58,False,True,True,"Je viens de recevoir le produit, à voir dans le temps. !!","['Je', 'viens', 'de', 'recevoir', 'le', 'produit', ',', 'à', 'voir', 'dans', 'le', 'temps', '.', '!', '!']",15,"je viens de recevoir le produit, à voir dans le temps. !!"
AV0613,2026-02-08,web,Tablette TabPlus,"Je viens de recevoir le produit, à voir dans le temps. https://example.com/commande/613",neutre,3,fr,texte normal,False,True,False,False,False,False,False,False,87,True,True,False,"Je viens de recevoir le produit, à voir dans le temps.","['Je', 'viens', 'de', 'recevoir', 'le', 'produit', ',', 'à', 'voir', 'dans', 'le', 'temps', '.']",13,"je viens de recevoir le produit, à voir dans le temps."
AV0616,2026-01-25,web,SmartPhone X,L'UTILISATION EST ASSEZ SIMPLE.,neutre,3,fr,texte normal,False,False,False,False,False,False,True,False,31,False,True,False,L'UTILISATION EST ASSEZ SIMPLE.,"[""L'UTILISATION"", 'EST', 'ASSEZ', 'SIMPLE', '.']",5,l'utilisation est assez simple.
AV0621,2026-02-16,réseaux_sociaux,Écouteurs AirSound,Très satisfait de mon achat 👍 https://example.com/commande/621,positif,5,fr,texte normal,False,True,False,False,True,False,False,False,62,True,True,False,Très satisfait de mon achat 👍,"['Très', 'satisfait', 'de', 'mon', 'achat', '👍']",6,très satisfait de mon achat 👍
AV0627,2026-08-07,sav,SmartPhone Y,"Produit parfait, rien à signaler. https://example.com/commande/627",positif,5,fr,texte normal,False,True,False,False,False,False,False,False,66,True,True,False,"Produit parfait, rien à signaler.","['Produit', 'parfait', ',', 'rien', 'à', 'signaler', '.']",7,"produit parfait, rien à signaler."
AV0630,2026-04-25,email,SmartPhone X,Le produit correspond globalement à la description. https://example.com/commande/630,neutre,3,fr,texte normal,False,True,False,False,False,False,False,False,84,True,True,False,Le produit correspond globalement à la description.,"['Le', 'produit', 'correspond', 'globalement', 'à', 'la', 'description', '.']",8,le produit correspond globalement à la description.
AV0634,2026-07-03,email,Ordinateur NovaBook,"Je viens de recevoir le produit, à voir dans le temps. https://example.com/commande/634",neutre,3,fr,texte normal,False,True,False,False,False,False,False,False,87,True,True,False,"Je viens de recevoir le produit, à voir dans le temps.","['Je', 'viens', 'de', 'recevoir', 'le', 'produit', ',', 'à', 'voir', 'dans', 'le', 'temps', '.']",13,"je viens de recevoir le produit, à voir dans le temps."
AV0638,2026-07-31,mobile,Ordinateur NovaBook,"Je recommande vivement, tout fonctionne parfaitement. https://example.com/commande/638",positif,5,fr,texte normal,False,True,False,False,False,False,False,False,86,True,True,False,"Je recommande vivement, tout fonctionne parfaitement.","['Je', 'recommande', 'vivement', ',', 'tout', 'fonctionne', 'parfaitement', '.']",8,"je recommande vivement, tout fonctionne parfaitement."
AV0640,2026-01-02,réseaux_sociaux,Ordinateur NovaBook,La livraison s'est déroulée normalement. https://example.com/commande/640,neutre,4,fr,texte normal,False,True,False,False,False,False,False,False,73,True,True,False,La livraison s'est déroulée normalement.,"['La', 'livraison', ""s'est"", 'déroulée', 'normalement', '.']",6,la livraison s'est déroulée normalement.
AV0648,2026-05-30,réseaux_sociaux,Ordinateur NovaBook,"Produit parfait, rien à signaler. https://example.com/commande/648",positif,5,fr,texte normal,False,True,False,False,False,False,False,False,66,True,True,False,"Produit parfait, rien à signaler.","['Produit', 'parfait', ',', 'rien', 'à', 'signaler', '.']",7,"produit parfait, rien à signaler."
AV0655,2026-08-01,mobile,Ordinateur NovaBook,"Je recommande vivement, tout fonctionne parfaitement. https://example.com/commande/655",positif,5,fr,texte normal,False,True,False,False,False,False,False,False,86,True,True,False,"Je recommande vivement, tout fonctionne parfaitement.","['Je', 'recommande', 'vivement', ',', 'tout', 'fonctionne', 'parfaitement', '.']",8,"je recommande vivement, tout fonctionne parfaitement."
AV0657,2026-02-15,web,SmartPhone Y,Produit correct pour son prix. https://example.com/commande/657,neutre,3,fr,texte normal,False,True,False,False,False,False,False,False,63,True,True,False,Produit correct pour son prix.,"['Produit', 'correct', 'pour', 'son', 'prix', '.']",6,produit correct pour son prix.
AV0666,2026-04-08,web,Écouteurs AirSound,"Le produit est bien, mais la livraison a été longue. Le produit est bien, mais la livraison a été longue. Le produit est bien, mais la livraison a été longue. Le produit est bien, mais la livraison a été longue. Le produit est bien, mais la livraison a été longue. Le produit est bien, mais la livraison a été longue. Le produit est bien, mais la livraison a été longue. Le produit est bien, mais la livraison a été longue. Le produit est bien, mais la livraison a été longue. Le produit est bien, mais la livraison a été longue. Le produit est bien, mais la livraison a été longue. Le produit est bien, mais la livraison a été longue. ",positif,5,fr,texte normal,False,False,False,False,False,False,False,False,636,False,True,False,"Le produit est bien, mais la livraison a été longue. Le produit est bien, mais la livraison a été longue. Le produit est bien, mais la livraison a été longue. Le produit est bien, mais la livraison a été longue. Le produit est bien, mais la livraison a été longue. Le produit est bien, mais la livraison a été longue. Le produit est bien, mais la livraison a été longue. Le produit est bien, mais la livraison a été longue. Le produit est bien, mais la livraison a été longue. Le produit est bien, mais la livraison a été longue. Le produit est bien, mais la livraison a été longue. Le produit est bien, mais la livraison a été longue.","['Le', 'produit', 'est', 'bien', ',', 'mais', 'la', 'livraison', 'a', 'été', 'longue', '.', 'Le', 'produit', 'est', 'bien', ',', 'mais', 'la', 'livraison', 'a', 'été', 'longue', '.', 'Le', 'produit', 'est', 'bien', ',', 'mais', 'la', 'livraison', 'a', 'été', 'longue', '.', 'Le', 'produit', 'est', 'bien', ',', 'mais', 'la', 'livraison', 'a', 'été', 'longue', '.', 'Le', 'produit', 'est', 'bien', ',', 'mais', 'la', 'livraison', 'a', 'été', 'longue', '.', 'Le', 'produit', 'est', 'bien', ',', 'mais', 'la', 'livraison', 'a', 'été', 'longue', '.', 'Le', 'produit', 'est', 'bien', ',', 'mais', 'la', 'livraison', 'a', 'été', 'longue', '.', 'Le', 'produit', 'est', 'bien', ',', 'mais', 'la', 'livraison', 'a', 'été', 'longue', '.', 'Le', 'produit', 'est', 'bien', ',', 'mais', 'la', 'livraison', 'a', 'été', 'longue', '.', 'Le', 'produit', 'est', 'bien', ',', 'mais', 'la', 'livraison', 'a', 'été', 'longue', '.', 'Le', 'produit', 'est', 'bien', ',', 'mais', 'la', 'livraison', 'a', 'été', 'longue', '.', 'Le', 'produit', 'est', 'bien', ',', 'mais', 'la', 'livraison', 'a', 'été', 'longue', '.']",144,"le produit est bien, mais la livraison a été longue. le produit est bien, mais la livraison a été longue. le produit est bien, mais la livraison a été longue. le produit est bien, mais la livraison a été longue. le produit est bien, mais la livraison a été longue. le produit est bien, mais la livraison a été longue. le produit est bien, mais la livraison a été longue. le produit est bien, mais la livraison a été longue. le produit est bien, mais la livraison a été longue. le produit est bien, mais la livraison a été longue. le produit est bien, mais la livraison a été longue. le produit est bien, mais la livraison a été longue."
AV0677,2026-04-08,sav,Ordinateur NovaBook,"Très bonne expérience, simple et efficace. https://example.com/commande/677",positif,4,fr,texte normal,False,True,False,False,False,False,False,False,75,True,True,False,"Très bonne expérience, simple et efficace.","['Très', 'bonne', 'expérience', ',', 'simple', 'et', 'efficace', '.']",8,"très bonne expérience, simple et efficace."
AV0686,2026-04-26,email,Tablette TabPlus,La batterie tient vraiment bien et l'écran est superbe. https://example.com/commande/686,positif,5,fr,texte normal,False,True,False,False,False,False,False,False,88,True,True,False,La batterie tient vraiment bien et l'écran est superbe.,"['La', 'batterie', 'tient', 'vraiment', 'bien', 'et', ""l'écran"", 'est', 'superbe', '.']",10,la batterie tient vraiment bien et l'écran est superbe.
AV0690,2026-04-25,email,SmartWatch Pro,L'utilisation est assez simple. https://example.com/commande/690,neutre,3,fr,texte normal,False,True,False,False,False,False,False,False,64,True,True,False,L'utilisation est assez simple.,"[""L'utilisation"", 'est', 'assez', 'simple', '.']",5,l'utilisation est assez simple.
AV0717,2026-06-18,mobile,Tablette TabPlus,"Très bon produit, la qualité est au rendez-vous. https://example.com/commande/717",positif,4,fr,texte normal,False,True,False,False,False,False,False,False,81,True,True,False,"Très bon produit, la qualité est au rendez-vous.","['Très', 'bon', 'produit', ',', 'la', 'qualité', 'est', 'au', 'rendez-vous', '.']",10,"très bon produit, la qualité est au rendez-vous."
AV0719,2026-07-22,sav,SmartWatch Pro,La livraison s'est déroulée normalement. https://example.com/commande/719,neutre,3,fr,texte normal,False,True,False,False,False,False,False,False,73,True,True,False,La livraison s'est déroulée normalement.,"['La', 'livraison', ""s'est"", 'déroulée', 'normalement', '.']",6,la livraison s'est déroulée normalement.
AV0732,2026-01-03,mobile,Ordinateur NovaBook,Qualité décevante pour ce prix. https://example.com/commande/732,negatif,1,fr,texte normal,False,True,False,False,False,False,False,False,64,True,True,False,Qualité décevante pour ce prix.,"['Qualité', 'décevante', 'pour', 'ce', 'prix', '.']",6,qualité décevante pour ce prix.
AV0741,2026-07-17,mobile,SmartWatch Pro,Service client réactif et commande reçue rapidement. https://example.com/commande/741,positif,5,fr,texte normal,False,True,False,False,False,False,False,False,85,True,True,False,Service client réactif et commande reçue rapidement.,"['Service', 'client', 'réactif', 'et', 'commande', 'reçue', 'rapidement', '.']",8,service client réactif et commande reçue rapidement.
AV0760,2026-02-04,réseaux_sociaux,Tablette TabPlus,L'utilisation est assez simple. https://example.com/commande/760,neutre,3,fr,texte normal,False,True,False,False,False,False,False,False,64,True,True,False,L'utilisation est assez simple.,"[""L'utilisation"", 'est', 'assez', 'simple', '.']",5,l'utilisation est assez simple.
AV0761,2026-05-24,réseaux_sociaux,SmartPhone X,Produit correct pour son prix. 😊,neutre,3,fr,texte normal,False,False,False,False,True,False,False,False,32,False,True,False,Produit correct pour son prix. 😊,"['Produit', 'correct', 'pour', 'son', 'prix', '.', '😊']",7,produit correct pour son prix. 😊
AV0775,2026-01-08,web,Ordinateur NovaBook,"Produit parfait, rien à signaler. !!!",positif,5,fr,texte normal,False,False,False,False,False,False,False,True,37,False,True,True,"Produit parfait, rien à signaler. !!","['Produit', 'parfait', ',', 'rien', 'à', 'signaler', '.', '!', '!']",9,"produit parfait, rien à signaler. !!"
AV0776,2026-08-11,réseaux_sociaux,SmartWatch Pro,Excellent rapport qualité-prix. https://example.com/commande/776,positif,5,fr,texte normal,False,True,False,False,False,False,False,False,64,True,True,False,Excellent rapport qualité-prix.,"['Excellent', 'rapport', 'qualité-prix', '.']",4,excellent rapport qualité-prix.
AV0777,2026-06-01,réseaux_sociaux,Écouteurs AirSound,Produit      correct    pour     son prix.,positif,5,fr,texte normal,False,False,False,False,False,False,False,True,42,False,True,False,Produit correct pour son prix.,"['Produit', 'correct', 'pour', 'son', 'prix', '.']",6,produit correct pour son prix.
AV0781,2026-03-18,web,Écouteurs AirSound,Excellent rapport qualité-prix. https://example.com/commande/781,positif,4,fr,texte normal,False,True,False,False,False,False,False,False,64,True,True,False,Excellent rapport qualité-prix.,"['Excellent', 'rapport', 'qualité-prix', '.']",4,excellent rapport qualité-prix.
AV0787,2026-02-18,email,SmartPhone X,"Très bonne expérience, simple et efficace. https://example.com/commande/787",positif,5,fr,texte normal,False,True,False,False,False,False,False,False,75,True,True,False,"Très bonne expérience, simple et efficace.","['Très', 'bonne', 'expérience', ',', 'simple', 'et', 'efficace', '.']",8,"très bonne expérience, simple et efficace."
AV0796,2026-07-10,réseaux_sociaux,Tablette TabPlus,"Produit reçu endommagé, je suis mécontent.",negatif,2,fr,texte normal,False,False,False,False,False,False,False,False,42,False,True,False,"Produit reçu endommagé, je suis mécontent.","['Produit', 'reçu', 'endommagé', ',', 'je', 'suis', 'mécontent', '.']",8,"produit reçu endommagé, je suis mécontent."
AV0804,2026-06-30,sav,Tablette TabPlus,Le produit correspond globalement à la description. https://example.com/commande/804,neutre,3,fr,texte normal,False,True,False,False,False,False,False,False,84,True,True,False,Le produit correspond globalement à la description.,"['Le', 'produit', 'correspond', 'globalement', 'à', 'la', 'description', '.']",8,le produit correspond globalement à la description.
AV0809,2026-07-04,web,Ordinateur NovaBook,@client La livraison a été très longue.,negatif,2,fr,texte normal,False,False,True,False,False,False,False,False,39,False,True,False,La livraison a été très longue.,"['La', 'livraison', 'a', 'été', 'très', 'longue', '.']",7,la livraison a été très longue.
AV0822,2026-08-27,email,SmartWatch Pro,"Produit parfait, rien à signaler. https://example.com/commande/822",positif,5,fr,texte normal,False,True,False,False,False,False,False,False,66,True,True,False,"Produit parfait, rien à signaler.","['Produit', 'parfait', ',', 'rien', 'à', 'signaler', '.']",7,"produit parfait, rien à signaler."
AV0825,2026-04-25,sav,SmartPhone X,"Mauvaise expérience, je ne recommande pas. https://example.com/commande/825",negatif,2,fr,texte normal,False,True,False,False,False,False,False,False,75,True,True,False,"Mauvaise expérience, je ne recommande pas.","['Mauvaise', 'expérience', ',', 'je', 'ne', 'recommande', 'pas', '.']",8,"mauvaise expérience, je ne recommande pas."
AV0831,2026-07-31,réseaux_sociaux,SmartPhone X,Livraison rapide et produit conforme à mes attentes. https://example.com/commande/831,positif,5,fr,texte normal,False,True,False,False,False,False,False,False,85,True,True,False,Livraison rapide et produit conforme à mes attentes.,"['Livraison', 'rapide', 'et', 'produit', 'conforme', 'à', 'mes', 'attentes', '.']",9,livraison rapide et produit conforme à mes attentes.
AV0839,2026-05-24,mobile,Écouteurs AirSound,Livraison rapide et produit conforme à mes attentes. https://example.com/commande/839,positif,5,fr,texte normal,False,True,False,False,False,False,False,False,85,True,True,False,Livraison rapide et produit conforme à mes attentes.,"['Livraison', 'rapide', 'et', 'produit', 'conforme', 'à', 'mes', 'attentes', '.']",9,livraison rapide et produit conforme à mes attentes.
AV0843,2026-06-09,mobile,Écouteurs AirSound,Très satisfait de mon achat 👍 https://example.com/commande/843,positif,5,fr,texte normal,False,True,False,False,True,False,False,False,62,True,True,False,Très satisfait de mon achat 👍,"['Très', 'satisfait', 'de', 'mon', 'achat', '👍']",6,très satisfait de mon achat 👍
AV0846,2026-05-01,web,SmartWatch Pro,"Très bonne expérience, simple et efficace. https://example.com/commande/846",positif,4,fr,texte normal,False,True,False,False,False,False,False,False,75,True,True,False,"Très bonne expérience, simple et efficace.","['Très', 'bonne', 'expérience', ',', 'simple', 'et', 'efficace', '.']",8,"très bonne expérience, simple et efficace."
AV0853,2026-02-20,réseaux_sociaux,Écouteurs AirSound,La batterie se décharge beaucoup trop vite. !!!,negatif,2,fr,texte normal,False,False,False,False,False,False,False,True,47,False,True,True,La batterie se décharge beaucoup trop vite. !!,"['La', 'batterie', 'se', 'décharge', 'beaucoup', 'trop', 'vite', '.', '!', '!']",10,la batterie se décharge beaucoup trop vite. !!
AV0868,2026-07-02,email,SmartPhone Y,"Je viens de recevoir le produit, à voir dans le temps. https://example.com/commande/868",neutre,3,fr,texte normal,False,True,False,False,False,False,False,False,87,True,True,False,"Je viens de recevoir le produit, à voir dans le temps.","['Je', 'viens', 'de', 'recevoir', 'le', 'produit', ',', 'à', 'voir', 'dans', 'le', 'temps', '.']",13,"je viens de recevoir le produit, à voir dans le temps."
AV0871,2026-06-26,email,Écouteurs AirSound,Très satisfait de mon achat 👍 https://example.com/commande/871,positif,5,fr,texte normal,False,True,False,False,True,False,False,False,62,True,True,False,Très satisfait de mon achat 👍,"['Très', 'satisfait', 'de', 'mon', 'achat', '👍']",6,très satisfait de mon achat 👍
AV0877,2026-08-01,sav,SmartPhone X,"Produit reçu endommagé, je suis mécontent. https://example.com/commande/877",negatif,2,fr,texte normal,False,True,False,False,False,False,False,False,75,True,True,False,"Produit reçu endommagé, je suis mécontent.","['Produit', 'reçu', 'endommagé', ',', 'je', 'suis', 'mécontent', '.']",8,"produit reçu endommagé, je suis mécontent."
AV0879,2026-06-01,mobile,Écouteurs AirSound,Livraison rapide et produit conforme à mes attentes. https://example.com/commande/879,positif,4,fr,texte normal,False,True,False,False,False,False,False,False,85,True,True,False,Livraison rapide et produit conforme à mes attentes.,"['Livraison', 'rapide', 'et', 'produit', 'conforme', 'à', 'mes', 'attentes', '.']",9,livraison rapide et produit conforme à mes attentes.
AV0887,2026-04-27,sav,Écouteurs AirSound,La livraison a été très longue. https://example.com/commande/887,negatif,1,fr,texte normal,False,True,False,False,False,False,False,False,64,True,True,False,La livraison a été très longue.,"['La', 'livraison', 'a', 'été', 'très', 'longue', '.']",7,la livraison a été très longue.
AV0888,2026-03-13,réseaux_sociaux,Ordinateur NovaBook,très mauvais produit 😡😡 http://example.com @support #déception,positif,4,fr,texte normal,False,True,True,True,True,False,False,False,62,False,True,False,très mauvais produit 😡😡 déception,"['très', 'mauvais', 'produit', '😡😡', 'déception']",5,très mauvais produit 😡😡 déception
AV0894,2026-02-04,web,Ordinateur NovaBook,Produit correct pour son prix. https://example.com/commande/894,neutre,3,fr,texte normal,False,True,False,False,False,False,False,False,63,True,True,False,Produit correct pour son prix.,"['Produit', 'correct', 'pour', 'son', 'prix', '.']",6,produit correct pour son prix.
AV0897,2026-05-14,sav,Écouteurs AirSound,Livraison rapide et produit conforme à mes attentes. https://example.com/commande/897,positif,5,fr,texte normal,False,True,False,False,False,False,False,False,85,True,True,False,Livraison rapide et produit conforme à mes attentes.,"['Livraison', 'rapide', 'et', 'produit', 'conforme', 'à', 'mes', 'attentes', '.']",9,livraison rapide et produit conforme à mes attentes.
AV0909,2026-03-11,sav,SmartPhone X,"Mauvaise expérience, je ne recommande pas.",negatif,2,fr,texte normal,False,False,False,False,False,False,False,False,42,False,True,False,"Mauvaise expérience, je ne recommande pas.","['Mauvaise', 'expérience', ',', 'je', 'ne', 'recommande', 'pas', '.']",8,"mauvaise expérience, je ne recommande pas."
AV0910,2026-08-01,email,SmartPhone Y,La batterie tient vraiment bien et l'écran est superbe. https://example.com/commande/910,positif,5,fr,texte normal,False,True,False,False,False,False,False,False,88,True,True,False,La batterie tient vraiment bien et l'écran est superbe.,"['La', 'batterie', 'tient', 'vraiment', 'bien', 'et', ""l'écran"", 'est', 'superbe', '.']",10,la batterie tient vraiment bien et l'écran est superbe.
AV0912,2026-08-20,réseaux_sociaux,SmartPhone Y,Très déçu par ce produit. https://example.com/commande/912,negatif,2,fr,texte normal,False,True,False,False,False,False,False,False,58,True,True,False,Très déçu par ce produit.,"['Très', 'déçu', 'par', 'ce', 'produit', '.']",6,très déçu par ce produit.
AV0916,2026-08-16,web,SmartPhone X,Produit correct pour son prix. https://example.com/commande/916,neutre,3,fr,texte normal,False,True,False,False,False,False,False,False,63,True,True,False,Produit correct pour son prix.,"['Produit', 'correct', 'pour', 'son', 'prix', '.']",6,produit correct pour son prix.
AV0922,2026-01-13,mobile,SmartPhone X,"Produit parfait, rien à signaler. https://example.com/commande/922",positif,5,fr,texte normal,False,True,False,False,False,False,False,False,66,True,True,False,"Produit parfait, rien à signaler.","['Produit', 'parfait', ',', 'rien', 'à', 'signaler', '.']",7,"produit parfait, rien à signaler."
AV0926,2026-03-21,sav,Écouteurs AirSound,"Très bon produit, la qualité est au rendez-vous. https://example.com/commande/926",positif,5,fr,texte normal,False,True,False,False,False,False,False,False,81,True,True,False,"Très bon produit, la qualité est au rendez-vous.","['Très', 'bon', 'produit', ',', 'la', 'qualité', 'est', 'au', 'rendez-vous', '.']",10,"très bon produit, la qualité est au rendez-vous."
AV0928,2026-05-05,web,SmartPhone X,La batterie tient vraiment bien et l'écran est superbe. https://example.com/commande/928,positif,5,fr,texte normal,False,True,False,False,False,False,False,False,88,True,True,False,La batterie tient vraiment bien et l'écran est superbe.,"['La', 'batterie', 'tient', 'vraiment', 'bien', 'et', ""l'écran"", 'est', 'superbe', '.']",10,la batterie tient vraiment bien et l'écran est superbe.
AV0929,2026-08-05,mobile,SmartWatch Pro,Excellent rapport qualité-prix. https://example.com/commande/929,positif,5,fr,texte normal,False,True,False,False,False,False,False,False,64,True,True,False,Excellent rapport qualité-prix.,"['Excellent', 'rapport', 'qualité-prix', '.']",4,excellent rapport qualité-prix.
AV0935,2026-01-30,réseaux_sociaux,Tablette TabPlus,La qualité est correcte sans être exceptionnelle. https://example.com/commande/935,neutre,3,fr,texte normal,False,True,False,False,False,False,False,False,82,True,True,False,La qualité est correcte sans être exceptionnelle.,"['La', 'qualité', 'est', 'correcte', 'sans', 'être', 'exceptionnelle', '.']",8,la qualité est correcte sans être exceptionnelle.
AV0937,2026-06-15,web,SmartPhone X,La batterie tient vraiment bien et l'écran est superbe. https://example.com/commande/937,positif,5,fr,texte normal,False,True,False,False,False,False,False,False,88,True,True,False,La batterie tient vraiment bien et l'écran est superbe.,"['La', 'batterie', 'tient', 'vraiment', 'bien', 'et', ""l'écran"", 'est', 'superbe', '.']",10,la batterie tient vraiment bien et l'écran est superbe.
AV0939,2026-02-20,mobile,Ordinateur NovaBook,Service client réactif et commande reçue rapidement. https://example.com/commande/939,positif,5,fr,texte normal,False,True,False,False,False,False,False,False,85,True,True,False,Service client réactif et commande reçue rapidement.,"['Service', 'client', 'réactif', 'et', 'commande', 'reçue', 'rapidement', '.']",8,service client réactif et commande reçue rapidement.
AV0946,2026-06-18,sav,SmartPhone Y,Livraison rapide et produit conforme à mes attentes. https://example.com/commande/946,positif,4,fr,texte normal,False,True,False,False,False,False,False,False,85,True,True,False,Livraison rapide et produit conforme à mes attentes.,"['Livraison', 'rapide', 'et', 'produit', 'conforme', 'à', 'mes', 'attentes', '.']",9,livraison rapide et produit conforme à mes attentes.
AV0950,2026-06-30,email,SmartPhone X,"Produit excellent, je suis très satisfait. https://example.com/commande/950",positif,4,FR,texte normal,False,True,False,False,False,False,False,False,75,True,True,False,"Produit excellent, je suis très satisfait.","['Produit', 'excellent', ',', 'je', 'suis', 'très', 'satisfait', '.']",8,"produit excellent, je suis très satisfait."
AV0952,2026-06-11,web,Ordinateur NovaBook,   ,positif,4,fr,texte vide,True,False,False,False,False,False,False,True,3,False,False,False,,[],0,
AV0953,2026-08-20,email,Tablette TabPlus,super produit!!!!!!!!!!!!!!!!!!!!!!!!,positif,5,fr,texte normal,False,False,False,False,False,True,False,True,37,False,True,True,super produit!!,"['super', 'produit', '!', '!']",4,super produit!!
AV0965,2026-03-19,sav,Ordinateur NovaBook,Service client réactif et commande reçue rapidement. https://example.com/commande/965,positif,5,fr,texte normal,False,True,False,False,False,False,False,False,85,True,True,False,Service client réactif et commande reçue rapidement.,"['Service', 'client', 'réactif', 'et', 'commande', 'reçue', 'rapidement', '.']",8,service client réactif et commande reçue rapidement.
AV0970,2026-04-29,mobile,Ordinateur NovaBook,La qualité est correcte sans être exceptionnelle. #avis,neutre,3,fr,texte normal,False,False,False,True,False,False,False,False,55,False,True,False,La qualité est correcte sans être exceptionnelle. avis,"['La', 'qualité', 'est', 'correcte', 'sans', 'être', 'exceptionnelle', '.', 'avis']",9,la qualité est correcte sans être exceptionnelle. avis
AV0977,2026-08-25,email,Écouteurs AirSound,La qualité est correcte sans être exceptionnelle. https://example.com/commande/977,neutre,3,fr,texte normal,False,True,False,False,False,False,False,False,82,True,True,False,La qualité est correcte sans être exceptionnelle.,"['La', 'qualité', 'est', 'correcte', 'sans', 'être', 'exceptionnelle', '.']",8,la qualité est correcte sans être exceptionnelle.
AV0990,2026-06-28,sav,SmartPhone X,La livraison a été très longue. 😊,negatif,2,fr,texte normal,False,False,False,False,True,False,False,False,33,False,True,False,La livraison a été très longue. 😊,"['La', 'livraison', 'a', 'été', 'très', 'longue', '.', '😊']",8,la livraison a été très longue. 😊
AV0994,2026-01-15,email,Ordinateur NovaBook,@client Très déçu par ce produit.,negatif,1,fr,texte normal,False,False,True,False,False,False,False,False,33,False,True,False,Très déçu par ce produit.,"['Très', 'déçu', 'par', 'ce', 'produit', '.']",6,très déçu par ce produit.
AV1003,2026-03-04,réseaux_sociaux,SmartPhone X,La livraison s'est déroulée normalement. https://example.com/commande/1003,neutre,4,fr,texte normal,False,True,False,False,False,False,False,False,74,True,True,False,La livraison s'est déroulée normalement.,"['La', 'livraison', ""s'est"", 'déroulée', 'normalement', '.']",6,la livraison s'est déroulée normalement.
AV1011,2026-02-15,mobile,Ordinateur NovaBook,L'utilisation est assez simple. https://example.com/commande/1011,neutre,4,fr,texte normal,False,True,False,False,False,False,False,False,65,True,True,False,L'utilisation est assez simple.,"[""L'utilisation"", 'est', 'assez', 'simple', '.']",5,l'utilisation est assez simple.
AV1024,2026-03-13,web,Ordinateur NovaBook,Qualité décevante pour ce prix. https://example.com/commande/1024,negatif,1,fr,texte normal,False,True,False,False,False,False,False,False,65,True,True,False,Qualité décevante pour ce prix.,"['Qualité', 'décevante', 'pour', 'ce', 'prix', '.']",6,qualité décevante pour ce prix.
AV1028,2026-05-07,mobile,SmartPhone X,Le produit correspond globalement à la description. https://example.com/commande/1028,neutre,4,fr,texte normal,False,True,False,False,False,False,False,False,85,True,True,False,Le produit correspond globalement à la description.,"['Le', 'produit', 'correspond', 'globalement', 'à', 'la', 'description', '.']",8,le produit correspond globalement à la description.
AV1030,2026-06-21,email,SmartPhone Y,"Produit excellent, je suis très satisfait. https://example.com/commande/1030",positif,4,fr,texte normal,False,True,False,False,False,False,False,False,76,True,True,False,"Produit excellent, je suis très satisfait.","['Produit', 'excellent', ',', 'je', 'suis', 'très', 'satisfait', '.']",8,"produit excellent, je suis très satisfait."
AV1057,2026-08-18,email,Tablette TabPlus,"Très bonne expérience, simple et efficace. https://example.com/commande/1057",positif,5,fr,texte normal,False,True,False,False,False,False,False,False,76,True,True,False,"Très bonne expérience, simple et efficace.","['Très', 'bonne', 'expérience', ',', 'simple', 'et', 'efficace', '.']",8,"très bonne expérience, simple et efficace."
AV1058,2026-03-28,web,Ordinateur NovaBook,La qualité est correcte sans être exceptionnelle. https://example.com/commande/1058,neutre,4,fr,texte normal,False,True,False,False,False,False,False,False,83,True,True,False,La qualité est correcte sans être exceptionnelle.,"['La', 'qualité', 'est', 'correcte', 'sans', 'être', 'exceptionnelle', '.']",8,la qualité est correcte sans être exceptionnelle.
AV1065,2026-07-09,sav,Écouteurs AirSound,La livraison a été très longue. https://example.com/commande/1065,negatif,1,fr,texte normal,False,True,False,False,False,False,False,False,65,True,True,False,La livraison a été très longue.,"['La', 'livraison', 'a', 'été', 'très', 'longue', '.']",7,la livraison a été très longue.
AV1067,2026-08-11,réseaux_sociaux,SmartWatch Pro,"Très bonne expérience, simple et efficace. https://example.com/commande/1067",positif,5,fr,texte normal,False,True,False,False,False,False,False,False,76,True,True,False,"Très bonne expérience, simple et efficace.","['Très', 'bonne', 'expérience', ',', 'simple', 'et', 'efficace', '.']",8,"très bonne expérience, simple et efficace."
AV1073,2026-01-31,email,Écouteurs AirSound,La livraison a été très longue.,negatif,2,fr,texte normal,False,False,False,False,False,False,False,False,31,False,True,False,La livraison a été très longue.,"['La', 'livraison', 'a', 'été', 'très', 'longue', '.']",7,la livraison a été très longue.
AV1074,2026-05-25,sav,SmartWatch Pro,"Mauvaise expérience, je ne recommande pas. https://example.com/commande/1074",negatif,1,fr,texte normal,False,True,False,False,False,False,False,False,76,True,True,False,"Mauvaise expérience, je ne recommande pas.","['Mauvaise', 'expérience', ',', 'je', 'ne', 'recommande', 'pas', '.']",8,"mauvaise expérience, je ne recommande pas."
AV1077,2026-01-14,email,SmartWatch Pro,"Mauvaise expérience, je ne recommande pas. !!!",negatif,1,fr,texte normal,False,False,False,False,False,False,False,True,46,False,True,True,"Mauvaise expérience, je ne recommande pas. !!","['Mauvaise', 'expérience', ',', 'je', 'ne', 'recommande', 'pas', '.', '!', '!']",10,"mauvaise expérience, je ne recommande pas. !!"
AV1080,2026-07-31,email,SmartWatch Pro,@client Produit correct pour son prix.,neutre,4,fr,texte normal,False,False,True,False,False,False,False,False,38,False,True,False,Produit correct pour son prix.,"['Produit', 'correct', 'pour', 'son', 'prix', '.']",6,produit correct pour son prix.
AV1085,2026-08-23,web,SmartPhone X,Service client réactif et commande reçue rapidement. https://example.com/commande/1085,positif,4,fr,texte normal,False,True,False,False,False,False,False,False,86,True,True,False,Service client réactif et commande reçue rapidement.,"['Service', 'client', 'réactif', 'et', 'commande', 'reçue', 'rapidement', '.']",8,service client réactif et commande reçue rapidement.
AV1101,2026-01-30,sav,SmartWatch Pro,Produit correct pour son prix. https://example.com/commande/1101,neutre,3,fr,texte normal,False,True,False,False,False,False,False,False,64,True,True,False,Produit correct pour son prix.,"['Produit', 'correct', 'pour', 'son', 'prix', '.']",6,produit correct pour son prix.
AV1111,2026-06-23,web,SmartPhone Y,"Très bon produit, la qualité est au rendez-vous. https://example.com/commande/1111",positif,4,fr,texte normal,False,True,False,False,False,False,False,True,82,True,True,False,"Très bon produit, la qualité est au rendez-vous.","['Très', 'bon', 'produit', ',', 'la', 'qualité', 'est', 'au', 'rendez-vous', '.']",10,"très bon produit, la qualité est au rendez-vous."
AV1113,2026-07-22,sav,SmartPhone Y,"Je viens de recevoir le produit, à voir dans le temps. https://example.com/commande/1113",neutre,4,fr,texte normal,False,True,False,False,False,False,False,True,88,True,True,False,"Je viens de recevoir le produit, à voir dans le temps.","['Je', 'viens', 'de', 'recevoir', 'le', 'produit', ',', 'à', 'voir', 'dans', 'le', 'temps', '.']",13,"je viens de recevoir le produit, à voir dans le temps."
AV1116,2026-03-22,sav,Écouteurs AirSound,Le service client n'a pas répondu à ma demande. https://example.com/commande/1116,negatif,1,fr,texte normal,False,True,False,False,False,False,False,True,81,True,True,False,Le service client n'a pas répondu à ma demande.,"['Le', 'service', 'client', 'n', ""'"", 'a', 'pas', 'répondu', 'à', 'ma', 'demande', '.']",12,le service client n'a pas répondu à ma demande.
AV1119,2026-06-18,réseaux_sociaux,Ordinateur NovaBook,La qualité est correcte sans être exceptionnelle. https://example.com/commande/1119,neutre,4,fr,texte normal,False,True,False,False,False,False,False,True,83,True,True,False,La qualité est correcte sans être exceptionnelle.,"['La', 'qualité', 'est', 'correcte', 'sans', 'être', 'exceptionnelle', '.']",8,la qualité est correcte sans être exceptionnelle.
AV1142,2026-05-24,sav,Écouteurs AirSound,Excellent rapport qualité-prix. https://example.com/commande/1142,positif,5,fr,texte normal,False,True,False,False,False,False,False,False,65,True,True,False,Excellent rapport qualité-prix.,"['Excellent', 'rapport', 'qualité-prix', '.']",4,excellent rapport qualité-prix.
AV1152,2026-05-02,email,SmartWatch Pro,@client La livraison s'est déroulée normalement.,neutre,3,fr,texte normal,False,False,True,False,False,False,False,False,48,False,True,False,La livraison s'est déroulée normalement.,"['La', 'livraison', ""s'est"", 'déroulée', 'normalement', '.']",6,la livraison s'est déroulée normalement.
AV1157,2026-07-08,sav,SmartWatch Pro,Excellent rapport qualité-prix. https://example.com/commande/1157,positif,4,fr,texte normal,False,True,False,False,False,False,False,False,65,True,True,False,Excellent rapport qualité-prix.,"['Excellent', 'rapport', 'qualité-prix', '.']",4,excellent rapport qualité-prix.
AV1166,2026-02-20,email,Ordinateur NovaBook,"Très bon produit, la qualité est au rendez-vous. https://example.com/commande/1166",positif,5,fr,texte normal,False,True,False,False,False,False,False,False,82,True,True,False,"Très bon produit, la qualité est au rendez-vous.","['Très', 'bon', 'produit', ',', 'la', 'qualité', 'est', 'au', 'rendez-vous', '.']",10,"très bon produit, la qualité est au rendez-vous."
AV1169,2026-01-31,mobile,Ordinateur NovaBook,La qualité est correcte sans être exceptionnelle. https://example.com/commande/1169,neutre,3,fr,texte normal,False,True,False,False,False,False,False,False,83,True,True,False,La qualité est correcte sans être exceptionnelle.,"['La', 'qualité', 'est', 'correcte', 'sans', 'être', 'exceptionnelle', '.']",8,la qualité est correcte sans être exceptionnelle.
AV1170,2026-04-08,mobile,Écouteurs AirSound,"Très bonne expérience, simple et efficace. https://example.com/commande/1170",positif,5,fr,texte normal,False,True,False,False,False,False,False,False,76,True,True,False,"Très bonne expérience, simple et efficace.","['Très', 'bonne', 'expérience', ',', 'simple', 'et', 'efficace', '.']",8,"très bonne expérience, simple et efficace."
AV1173,2026-01-22,web,Écouteurs AirSound,La batterie tient vraiment bien et l'écran est superbe. https://example.com/commande/1173,positif,5,fr,texte normal,False,True,False,False,False,False,False,False,89,True,True,False,La batterie tient vraiment bien et l'écran est superbe.,"['La', 'batterie', 'tient', 'vraiment', 'bien', 'et', ""l'écran"", 'est', 'superbe', '.']",10,la batterie tient vraiment bien et l'écran est superbe.
AV1186,2026-01-29,mobile,SmartPhone X,Excellent rapport qualité-prix. https://example.com/commande/1186,positif,5,fr,texte normal,False,True,False,False,False,False,False,False,65,True,True,False,Excellent rapport qualité-prix.,"['Excellent', 'rapport', 'qualité-prix', '.']",4,excellent rapport qualité-prix.
AV1192,2026-06-10,email,Tablette TabPlus,L'utilisation est assez simple. https://example.com/commande/1192,neutre,4,fr,texte normal,False,True,False,False,False,False,False,False,65,True,True,False,L'utilisation est assez simple.,"[""L'utilisation"", 'est', 'assez', 'simple', '.']",5,l'utilisation est assez simple.
AV1193,2026-03-25,réseaux_sociaux,SmartPhone Y,Le produit correspond globalement à la description. https://example.com/commande/1193,neutre,3,fr,texte normal,False,True,False,False,False,False,False,False,85,True,True,False,Le produit correspond globalement à la description.,"['Le', 'produit', 'correspond', 'globalement', 'à', 'la', 'description', '.']",8,le produit correspond globalement à la description.
